1,Точность,Accurate,5,Ваши атаки необычайно точны. Вы получаете +1 к Точ за каждые +5% цены.,0,1,1
2,Воздействие на нематериальное,Affects Insubstantial,20,"Ваша способность может воздействовать как на нематериальные цели, так и на материальные.",1,1,1
3,Воздействие на материальное,Affects Substantial +,40,"Ваша способность может воздействовать на материальный мир даже когда вы нематериальны. Также она воздействует на нематериальный мир. Это улучшение не применяется к магии и псионике – они уже могут влиять на материальный мир с -3.
Мастеру: это улучшение очень мощное. Оно позволяет нематериальным созданиям влиять на материальный мир без страха ответного удара. Не стесняйтесь запрещать его, ограничить использование толь-
Улучшения и ограничения атак Некоторые улучшения и ограничения доступны только для Воздействий, Связывания и Природной атаки, а также преимуществ, модифицируемых улучшением Дистанционность (с.107). Они называются «атакующие» модификаторы. Некоторые из них имеют дополнительные ограничения; например, Делитель брони применяется только для Воздействия и Природной атаки. Модификаторы и ограничения атак отмечены знаком 6.
Включение и выключения улучшений Когда вы используете улучшенную черту, вы должны использовать все ее улучшения, пока некое улучшение — или встроенная способность — не позволит «выключать» это поведение. (Существуют разные ситуации при которых улучшения не работают, но они все еще включены.) Для получения возможности выбора, какое улучшение «включено» в данный момент, возьмите улучшение Избирательность (с.108).
ко НИП или убедитесь что достаточное количество врагов имеет улучшение Воздействие на нематериальное!",1,1,1
4,Область действия,Area Effect,50,"Ваша способность воздействует не на одну цель, а на целую область. Все находящиеся в области получают эффект. При провале используются правила разброса (с.414) для вычисления эпицентра. Активные защиты не помогают от областной атаки, но жертвы могут попытаться укрыться или убежать. Подробнее смотрите раздел Площадь и Распределенные атаки  (с.413). Таблица см.с. 102. На следующих уровнях сохранится удвоение радиуса. Если применяется к преимуществу, имеющему уже воздействие на площадь, каждый уровень удваивает базовый радиус.
Это улучшение – требование для Перемещения (p. 107), Продолжительности (p. 107), Избирательной области (p. 108), Бомбардировки (p. 111), и Излучения (p. 112).",0,1,1
5,Делитель брони,Armor Divisor,0,"Ваша атака лучше пробивает броню, чем это показывают базовые повреждения. Таблица см.с. 102. Это улучшение могут иметь только Воздействия и Природные атаки. Делитель брони – «Модификатор пробивания», вы не можете комбинировать ее с другими модификаторами пробивания – такими, как Кровяное действие(с.105), Контактное действие (с.103) и т. п.",1,1,1
6,Аура,Aura,80,"Ваша атака имеет форму ауры, которая воздействует на все, чего касаетесь вы или что касается вас. Если оружие вас ударяет, вы воздействуете на оружие. Вы можете включать и выключать эффект ауры в свой ход (если не возьмете «Действует постоянно», с.110). Вы должны взять кроме Ауры еще улучшение Контактный бой (с.112) на уровне -30% (дальность Б), и не можете взять дополнительно «невозможность парирования» - аура по определению парировать не может..
Классический пример Ауры – покров огня, окружающий огненных элементалей. Обратитесь к описанию Тело из огня (с.262), где описано ее действие. ",1,1,1
7,Основано на (атрибут),Based on (Different Attribute),20,"Это улучшение доступно только для способностей, позволяющих бросок сопротивления против любого из атрибутов (СЛ, ЛВ, ИН, ЗД, Воля, Восп.). Он позволяет кидать не тот атрибут, который кидался обычно, а другой – указанный при покупке способности. Преимуществом это считается, поскольку позволяет настраивать способность, делая ее более эффективной против целей с известными слабостями.",1,1,1
8,Кровяное действие,Blood Agent,100,При атаке с воздействием на площадь или конусом — это преимущество. Подробнее см. ограничение Кровяное действие (с.110).,1,1,1
9,Конус,Cone,0,"Ваша атака распыляется, воздействуя на всех в области, похожей на конус. Конус подчиняется особым правилам (Атаки по области и распылители, с.413). Определите максимальную ширину конуса в ярдах, и максимальную дальность. Конус стоит +50% и плюс +10% за ярд максимальной ширины.
Нельзя объединять Конус с Областью действия, Аурой, Струей, Контактным боем, Быстрой атакой, Излучением. Доступно только для Природных атак или Воздействий.",1,1,1
10,Контактное действие,Contact Agent,150,При атаке с воздействием на площадь или конусом — это преимущество. Подробнее см. ограничение Контактное действие (с.111).,1,1,1
11,Абсолют,Cosmic,0,"Ваша способность работает на более высоком уровне, чем существует в вашем мире. Это позволяет ей работать в любых условиях, и даже, возможно, игнорировать противодействие. Ценность улучшения зависит от типа преимущества: Способность, не являющаяся атакой или защитой (Ability other than an attack or a defense).
Ваша способность не подвергается обычным запрещениям. Например, ваше Лечение может исцелять неизлечимые никакими способами болезни, Нематериальность позволит проникать сквозь любые барьеры, мешающие другим эфирным существам. +50%.
Защита или противодействие (Defense or countermeasure). Ваша защитная черта позволяет противодействовать атакам, модифицированным Абсолютом, используя обычные правила. +50%.
Атака с особым эффектом (Attack with a lingering special effect). Ваша атака имеет особый эффект, которому может противодействовать только другая «Абсолютная» сила – например, зажечь огонь, который невозможно погасить никакими методами или токсичная Природная атака, вызывающая Цикличность (ниже) повреждения, неизлечимые существующей медициной. Это не 
лишает цель защиты!  Бросок ЗД (или другого атрибута, который используется для сопротивления) по-прежнему позволяется для атак, которым можно сопротивляться. +100%.
Неудержимая атака (Irresistible attack). Ваша атака полностью игнорирует защиту цели. Цель может пытаться защищаться активной защитой, если это возможно. Вы не можете объединять это улучшение с любыми другими модификаторами пробивания. +300%.",1,1,1
12,Цикличность,Cyclic,0,"льзующих обжигающий, разъедающий, изнуряющий или ток-
сический вред. Это представляет атаку, которая продолжается в жертве: кислота, болезнь, напалм, яд и прочее. (Атаки, длительно воздействующие на окружающий мир, используют Продолжительность, с.107).
Цикличная атака повреждает цель как обычно, но когда жертва уже поражена, через определенный промежуток времени она получает этот вред снова! Все модификаторы пробивания (Контактное действие или Последующая) также применяются; так, цикличная атака, с модификатором Последующая продолжает игнорировать СП цели. Жертва не может восстанавливать ЕЖ или ЕУ, потерянные от циклической атаки, пока эта атака не прекратит воздействие!
Вы должны указать подходящие, довольно легко до условия, которые замедлят или прекратят дальнейшее повреждение от атаки. Например, чтобы остановить вред от кислоты, ее надо смыть (огонь – потушить, усталость или яд – исцелить), что займет 1+ секунд и бросок ИН или ЛВ. Базовая стоимость цикличности зависит от интервала между воздействием. Таблица см.с. 104. Обжигающие или разъедающие атаки не должны иметь интервала более 10 секунд. На усмотрение Мастера, жертва, получающая вред каждую секунду, должна сделать бросок страха. Базовая стоимость умножается на количество циклов после первого. Мастер должен рассмотреть ограничение большого количества циклов атак, наносящих менее 1к вреда.
Часто Цикличность также сочетаются с Сопротивляемостью (с.115), в этом случае бросок сопротивления позволен каждый цикл. Если так, то стоимость Цикличности уменьшается вдвое.
Некоторые циклические атаки заразны – жертва может заражать других (см. Болезни, с.442). Заразность – увеличивает финальную стоимость улучшения, после применения всех остальных факторов: +20% за среднюю заразность, +50% за сильную.
Факторы накопительны. Например, заражение, которому можно сопротивляться, с 31 циклами, длящимися по 1 дню, будет стоить +10%×20×1/2 = +150%. При сильной заразности – +200%",1,1,1
13,Модификаторы повреждений,Damage Modifiers,0,"Вы можете дать Природной атаке некоторые из этих модификаторов, чтобы охарактеризовать ее. ",1,1,1
14,Двойная тупая травма (дтт),Double Blunt Trauma (dbt),20,"Доступна для Природных атак, наносящих обжигающий, кислотный, режущий, проникающий или пробивающий вред. Огненные и разъедающие атаки наносят дополнительно 1 ЕЖ тупой травмы за 10 очков базового вреда, остановленного гибкой броней. Режущий, проникающий и пробивающий вред наносят такую же тупую травму, как и тупые атаки: 1 ЕЖ за 5 единиц вреда, остановленных мягкой броней.",1,0,1
15,Двойное отбрасывание (дот),Double Knockback (dkb) ,20,"Это позволяет тупой или режущей атаке отбрасывать вдвое дальше, чем обычно (см. Отбрасывание, с.378).",1,0,1
16,Взрыв (взр),Explosion (exp) ,50,"Атака производит взрыв в точке столкновения (при промахе – см. Правила разброса, с.414). Цель получает вред нормально, все вокруг – модифицированный вред, равный базовому вреду, разделенному на (3 × дальность в ярдах). Если атака имеет модификатор Делитель брони (с.102), он не применяется к вреду, получаемому окружающими.
Вы можете взять до двух дополнительных уровней Взрыва, если хотите, чтобы вред не уменьшался на расстоянии. Второй уровень делит базовый вред на удвоенную дистанцию до эпицентра (+100%), третий – на обычную дистанцию и стоит +150%.
Взрыв обычно применяется для тупых и обжигающих атак, но Мастер может разрешить и другие комбинации.
Больше информации по взрывам вы можете найти в параграфе Взрывы (с.414).",0,0,1
17,Осколки (оск),Fragmentation (frag) ,0,"Атака разбрасывает опасные осколки при столкновении. Определите количество кубиков вреда от осколков. Все в радиусе 5 ярдов за кубик вреда атакованы с умением 15, модифицированным штрафами за дистанцию от точки взрыва. См. Вред от осколков (с.414).
Осколки наносят режущий вред. Если ваша атака наносит одоговый вред или модифицирована улучшением Зажигательный (см. ниже), осколки получают тот же эффект бесплатно. Если вы используете это улучшение для атаки с модификатором Последующая (с.105), пробивание означат, что осколки автоматически попали в цель, но ничего более. Улучшение часто идет в комплекте с Взрывом (см. выше), но это не обязательно.
Осколки стоят +15% за кубик вреда от осколков. Для гранат обычен вред [2к] или [3к]. Максимальный вред от осколков – [12к], или базовый вред от атаки – что меньше.
Горячие осколки (Hot Fragments): осколки наносят не режущий, а обжигающий вред с модификатором Цикличность (шесть 10-секундных циклов), и имеет Делитель брони (0,2). Цена та же",1,0,1
18,Вредные факторы  (вф),Hazard (haz) ,0,"Природной атаке, наносящей изнуряющий вред, можно дать одно из следующих улучшений: Обезвоживание, +20%; Утопление, +0%; Обморожение, +20%; Недосыпание, +50%; Голодание, +40%; Удушение, +0%.
Когда вы используете улучшенную черту, вы должны использовать все ее улучшения, пока некое улучшение — или встроенная способность — не позволит «выключать» это поведение.
Потеря ЕУ от атаки во всех отношениях (включая восстановление) считается потерей ЕУ от соответствующей опасности. Черты, защищающие цель от такой опасности, также защищают ее от вашей атаки. Например, некто с преимуществом Не ест/ непьет, будет неуязвим к атаке, модифицированной Голоданием.",1,0,1
19,Зажигательная (заж),Incendiary (inc),10,"Природная атака, не наносящая обжигающего вреда, может быть Зажигательной – это дает ей возможность поджечь легковоспламеняемые материалы.",1,0,1
20,Радиация (рад),Radiation (rad) ,25,"Атака облучает субъекта. Вред кидается как обычно, но независимо от пробивания брони жертва получает 1 рад за каждое выкинутое очко базового вреда. (Эффекты радиации – с.435). Для токсических атак эта доза идет вместо обычного вреда, а улучшение стоит +25% - это типичная радиоактивность. Обжигающие атаки наносят вред радиацией и обычный вред, цена улучшения +100% - это лучи частиц. Прочие типы вреда не могут иметь это улучшение.",1,0,1
21,Радиация (рад),Radiation (rad) ,100,"Атака облучает субъекта. Вред кидается как обычно, но независимо от пробивания брони жертва получает 1 рад за каждое выкинутое очко базового вреда. (Эффекты радиации – с.435). Для токсических атак эта доза идет вместо обычного вреда, а улучшение стоит +25% - это типичная радиоактивность. Обжигающие атаки наносят вред радиацией и обычный вред, цена улучшения +100% - это лучи частиц. Прочие типы вреда не могут иметь это улучшение.",1,0,1
22,Импульс (имп),Surge (sur) ,20,"Атака производит электрический импульс, который может вывести из строя электронику или любую вещь с недостатком Электронника (с.134).",1,0,1
23,Задержка,Delay,0,"Задерживает наступление эффектов атаки на некоторое время после попадания. Это позволяет создавать эффект бомб замедленного взрыва и им подобных. Обязательно указать способ, которым можно нейтрализовать эффект до его наступления. Детали обрабатываются с Мастером.
Фиксированная задержка ( fixed  delay): пр., 2 секунды – 0%.
Варьируемая задержка (variable delay): от 0 до 10 секунд - +10%; любое другое время - +20%. Вы должны указать время задержки до броска атаки.
Детонатор (Triggered Delay): вместо времени задержки, эффект активируется простым действием: радиосигналом, касанием, давлением, металлическим предметом, попавшим в радиус 1 ярда и пр. Укажите детонатор, когда покупаете свою атаку. +50%.",1,1,1
24,Дрейф,Drifting,20,"Это улучшение доступно для любых атак с Задержкой (выше) или Продолжительностью (с.107). Первый бросок атаки размещает эффект, который потом может перемещаться под действием силы ветра, течения, солнечного ветра и прочего. Так делаются ядовитые газы, шаровые молнии, плавучие мины и пр.",1,1,1
25,Увеличенная продолжительность,Extended Duration,0,"Это улучшение увеличивает нормальную продолжительность действия вашей способности. Действие увеличивается в несколько раз или даже становится постоянным. Таблица см.с. 105. * Вы должны указать подходящей набор условий при которых эффект теряется (или возвращается, как при Воздействии или Контроле разума). Мастер решает, что такое «подходящий». Если такого события нет, улучшение стоит +300%. Чтобы предотвратить бесплатную раздачу преимуществ, Мастер должен запретить этот уровень для Воздействий с модификатором Преимущество.
Атака, к которой добавляется Увеличенная продолжительность должна иметь хотя бы один из модификаторов: Аура, Продолжительность, Стена; также можно добавлять этот модификатор, если в описании атаки это специально указано. Также доступно для любого преимущества с улучшением Дистанционность (с .107). Если модифицированная черта имеет несколько видов воздействия с различной продолжительностью, требуется указать, какой именно эффект вы продлеваете. Например, в случае с облаком усыпляющего газа, вы можете использовать это улучшение для продления срока сна, им вызванного, или времени существования самого облака. Чтобы продлить длительность и того, и другого – необходимо приобретать улучшение дважды.",1,0,1
26,Последующая,Follow-Up,0,"Эффект вашей атаки достигает цели через «носитель». Это может быть яд на дротике, разрывной заряд на бронебойной пуле и пр. Носителем выбирается другая атака. Это может быть как оружие тела (когти или зубы) или Природная атака (обычно наносящая режущее, проникающее или пробивающее повреждение).
В описании последующей атаки указывается только тип и количество вреда, все остальные детали зависят от носителя. Атака достигает своей цели, только если попадает носитель, и пробивает броню. СП не влияет на переносимую атаку, если броня уже пробита. Если носитель атаки – природное оружие (когти или зубы), то Последующая атака – улучшение на +0%. Если носитель пассивен (вроде шипов), то это ограничение на -50%.
Если носитель – Природная атака, цена зависит от модификаторов носителя. Цена равна сумме всех модификаторов, примененных к переносящей атаке (Действует постоянно, Аура, Конус, Дрейф, Излучение, Только в экстренных случаях, Увеличенная отдача, Управляемая, Самонаведение, Увеличенная дистанция, Струя, Ограниченное использование, Заклятие, Контактный бой, Требует подготовки, Быстрый огонь, уменьшенная дистанция, Требует дополнительного времени, Требует перезарядки, Только непроизвольное использование, Неконтролируемая, Ненадежная и т.п.). Если не применяется ни один из модификаторов, цена равна +0%. Обратите внимание, что Последующая атака не может сама иметь этих модификаторов – только атака-носитель. Последующая – модификатор пробивания, и не может быть объединен с любыми другими модификаторами этой категории.",1,1,1
27,Управление или самонаведение ,Guided or Homing,0,"Вы можете управлять атакой – или, возможно, она сама наводится на цель. Этот модификатор используется для создания самонаводящихся ракет, или сверхъестественных атак вроде магических снарядов, самостоятельно выбирающих врагов.
106 Преимущества
Управляемая (Guided): вы контролируете полет снаряда, используя собственное умение и беря манёвр Концентрация. Это позволяет вам игнорировать любые штрафы за расстояние. Если расстояние так велико, что снаряд не может достичь цели за один ход, вы должны концентрироваться несколько ходов. Если вы теряете цель из вида до того, как снаряд попадает в цель, вы автоматически промахиваетесь. +50%.
Самонаведение (Homing): ваш снаряд сам наводит себя на цель. Определите, как именно он находит цель (обычным зрением, Инфразрением (с.60), Ночным зрением (с.71) , Сканированием (с.81), Обнаружением (с.48), Восприятием Вибрации (с.96) и т.д.). Атака использует этот тип восприятия в целях определения попадания (например, радар игнорирует темноту, но может быть заглушен помехами). Для захвата цели, вы должны прицелиться в нее (манёвр Прицеливание) и сделать немодифицированный бросок умения. Бросок попадания – не ваше умение, а 10+Точ, игнорируются все штрафы за расстояние. Базовая цена - +50%, плюс цена соответствующего преимущества, используемого для наведения, выраженная в процентах. Например, Инфразрение стоит 10 очков, так что вы заплатите за ракету, наводящуюся по инфракрасному излучению, +60% (+50% базового, плюс +10% за инфразрение). Обычное зрение покупается за базовую цену.
Если атака имеет значение 1/2Д, считайте это значение как скорость снаряда, выраженная в ярдах в секунду. Снаряд попадает в цель в тот же ход, если она находится в этом радиусе, иначе – продолжает лететь в следующем. Повреждения из-за дальности не уменьшаются, но бросок попадания откладывается до того момента, как снаряд попадет в цель.
Больше информации можно найти в параграфе «Управляемое и самонаводящееся оружие» (с.412).",1,1,1
28,Увеличенная дистанция,Increased Range,10,"Используется для любого преимущества, имеющего дальность действия (Природная атака или Сканирование). Каждый уровень увеличивает дистанцию следующим образом: Таблица см.с. 106. В дальнейшем используется та же прогрессия – «2-5-10».
Если используется для удаленной атаки, каждый уровень увеличивает и 1/2Д, и Мах. Можно увеличивать только один из этих параметров за полцены, но нельзя увеличить 1/2Д больше, чем значение Мах – максимум до равного значения, это значит, что атака не имеет 1/2Д. Для атак, уже не имеющих 1/2Д, вы можете увеличивать Мах за 5% за уровень. ",0,0,1
29,Струя,Jet,0,"Ваша атака имеет форму струи, подобно огнемёту. Она скорее считается за Контактное оружие с особо большой досягаемостью, а не за дистанционное оружие. Штрафы за дистанцию и скорость цели не применяются. Атака струей не имеет Точ.; 1/2Д = 5, Мах = 10. Улучшение Увеличенная дистанция увеличивает досягаемость на 100% за уровень.  Струя несовместима с модификаторами Область действия, Аура, Конус, Последующая, Контактный бой, Быстрый огонь.",1,1,1
30,Связь,Link,10,"Вы можете использовать два или более преимуществ одновременно, как будто это одна способность. За +10% ваши способности объединены навсегда, и не работают отдельно. За +20% вы можете использовать их как одновременно, так и отдельно. Вы должны купить это улучшение для каждой связываемой способности.
Если вы связываете две атаки с идентичными характеристиками (Отказ, 1/2Д, Max, Точ, Сс, Бзс, Отдч), вы можете считать их одной атакой, и использовать только один бросок попадания, но отдельные броски повреждений. Это не то же самое, что и Последующая (с.105)!",1,0,1
31,Связь,Link,20,"Вы можете использовать два или более преимуществ одновременно, как будто это одна способность. За +10% ваши способности объединены навсегда, и не работают отдельно. За +20% вы можете использовать их как одновременно, так и отдельно. Вы должны купить это улучшение для каждой связываемой способности.
Если вы связываете две атаки с идентичными характеристиками (Отказ, 1/2Д, Max, Точ, Сс, Бзс, Отдч), вы можете считать их одной атакой, и использовать только один бросок попадания, но отдельные броски повреждений. Это не то же самое, что и Последующая (с.105)!",1,0,1
32,Слабая заметность или Незаметность,Low or No Signature,10,"Обычно атака имеет внешний признак (вспышку света, звук и пр.). Если не указано особо, подразумевается, что это что-нибудь вроде выстрела или разряда – громкий звук и яркая вспышка. Это улучшение делает атаку менее заметной.
Слабая заметность (Low Signature): атака не более заметна, чем громкий хлопок пробки от шампанского (например, заглушенный выстрел). +10%.
Незаметность (No Signature): атака почти незаметна, например, как дротик из духовой трубки. Фактически, она почти не обнаруживается обычными методами (но может оставлять магические или пси-следы). +20%.",1,0,1
33,Слабая заметность или Незаметность,Low or No Signature,20,"Обычно атака имеет внешний признак (вспышку света, звук и пр.). Если не указано особо, подразумевается, что это что-нибудь вроде выстрела или разряда – громкий звук и яркая вспышка. Это улучшение делает атаку менее заметной.
Слабая заметность (Low Signature): атака не более заметна, чем громкий хлопок пробки от шампанского (например, заглушенный выстрел). +10%.
Незаметность (No Signature): атака почти незаметна, например, как дротик из духовой трубки. Фактически, она почти не обнаруживается обычными методами (но может оставлять магические или пси-следы). +20%.",1,0,1
34,Заклятье,Malediction,0,"Ваша атака – не стандартная дистанционная атака, скорее, это заклинание Обычнного класса. У нее нет Отказа, 1/2Д, Сс, Бзс, Отдч и она не может приобретать любые улучшения и ограничения, которые воздействуют на эти параметры. Более важно то, что СП цели не влияет на вред от атаки, броски сопротивления и прочее. Использование проклятия требует манёвра Концентрации, а не атаки. Вы можете атаковать любую цель, какую можете видеть или явно представлять. Успешность атаки определяется броском Воли, с применением штрафа за дальность (см. ниже). Враг может попробовать сопротивляться – быстрое состязание по Воле, вы должны выиграть для того, чтобы цель попала под воздействие.
Если вы применяете улучшение на Воздействие, быстрое состязание замещает обычный бросок сопротивления, но враг бросает состязание по соответствующему атрибуту.
Ценность Проклятия зависит от штрафа за дальность. Если вы получаете штраф -1 за каждый ярд дальности, как Обычнные заклинания, цена +100%. Штрафы по таблице размеров, скоростей и расстояний (с.550) - +150%. Штрафы по таблице Дальних дистанций (с.241) - +200%.
Заклятие – считается модификатором пробивания; вы не можете комбинировать его с другими модификаторами пробивания, а также с модификаторами для дистанционных атак.",1,1,1
35,Перемещение,Mobile,40,"Доступно только для атак с улучшениями Область действия (с.102) и Продолжительность (с.107). Улучшение позволяет перемещать область воздействия по вашему желанию. Скорость перемещения равна уровню улучшения (1 за +40%, 2 за +80% и так далее), и не может превышать максимальную дальность атаки.
Для перемещения области вы должны концентрироваться. Чтобы сделать перемещение автономным, добавьте улучшение Самонаведение (это заставит атаку наводиться на ближайшую подходящую цель) и, возможно, Избирательная область (будет искать только врагов). Требуется купить улучшение дважды, если вы хотите применять ее и к начальному броску и к автономной области.
Взаимоисключающее улучшение с Дрейфом (с.105).",0,1,1
36,Навесная траектория,Overhead,30,"Ваша атака может изменять угол удара и попадать с другой стороны – обычно сверху. Это позволяет ей обходить любое укрытие, которое не обеспечивает защиту с этой стороны, а также аннулирует штрафы за положение врага (лежа, пригнувшись, и пр.). Подобное улучшение есть у Огненного дождя, баллистической ракеты и гранат.",1,1,1
37,Продолжительность,Persistent,40,"Добавляется только для атак с Областью действия (с.102). Заставляет область эффекта оставаться в течение 10 секунд, продолжая повреждать цели (или атаковать и возможно повреждать, если это Бомбардировка, с.111) всех, кто находится в области. Для увеличения продолжительности эффекта используйте Увеличенная продолжительность.",1,0,1
38,Дистанционность,Ranged,40,"Улучшение добавляет дальность преимуществу, которое обычно влияет только на ваше близкое окружение или требует касания для воздействия на других. По умолчанию она получает 1/2Д = 10, Мах = 100, Точ = 3, Сс = 1, Отдч = 1. Продолжительность по умолчанию – 10 секунд, если в описании способности не указана другая продолжительность (Нейтрализация псионики или Переселение) либо воздействие не мгновенно (Лечение). Вы не можете использовать способность, пока не пройдет эффект от предыдущего применения. Обычно это улучшение доступно для Исцеления, Глушения и Усиления маны, Нейтрализации псионики, Переселения и Пси-стазиса. Мастер может разрешить использование улучшения для других черт, но не должен позволять приобретать его для оружия тела (Естественного оружия или Укуса вампира) или способностей, уже имеющей дальнее действие. ",1,0,1
39,Быстрый огонь,Rapid Fire,0,"Базовая скорострельность Природной атаки – 1. С помощью этого улучшения вы можете увеличить скорострельность: Таблица см.с.108. Для атак с этим улучшением доступны две опции: Несколько снарядов (Multiple Projectile): каждый выстрел разделяется на несколько. Это отражается множителем в Сс: например Сс 3×4 значит, что каждый из выпущенных трех снарядов разделяется еще на четыре «осколка». Цена модификатора – Сс × множитель (Сс 3×4 – стоит столько же, сколько и Сс 12).
Избирательный огонь (Selective Fire): вы можете выбрать более медленный огонь, если имеете Сс 5+, позволяя стрелять с Сс 1-3. это стоит дополнительных +10%",1,1,1
40,уменьшенная усталость,Reduced Fatigue Cost,20,"Это улучшение применимо только для способностей, использование которых требу-
ет затрат ЕУ. Каждый уровень улучшения уменьшает затраты на 1 (уменьшаются затраты как на активацию, так и на поддержку). Не доступно для способностей, имеющих модификатор «Обычно включено».",0,0,1
41,Быстрая подготовка,Reduced Time,20,"Доступно только для способностей, активация которых занимает некоторое время. Каждый уровень улучшения уменьшает требуемое время вдвое. Когда время активации станет менее 1 секунды – активация мгновенна, идет как свободное действие.
Не применяется к атакующим силам, чертам, уже имеющим персональные модификаторы, влияющие на время активации, и Магическим способностям.",0,0,1
42,Респираторное действие,Respiratory Agent,50,"Чтобы воздействовать на цель, атака должна попасть в дыхательные пути, но тогда она полностью игнорирует СП. Защищает только Не дышит и Фильтрацией воздуха – хотя если жертва успела заметить атаку, она может попытаться задержать дыхание (с.351). Используйте Слабая заметность (с.106), чтобы сделать атаку менее заметной.
Вы можете добавить это улучшение только к Воздействию или Природной атаке, 
которая наносит токсическое или изнуряющее повреждение, и должны также взять Область действия (с.102), Конус (с.103) или Струя (с.106). Продолжительность (с.107)– рекомендуется, но не является необходимым. Распираторное действие – модификатор пробивания, и не может приобретаться в сочетании с другими подобными модификаторами, как например Последующая (с.105).",1,1,1
43,Избирательная область,Selective Area,20,"Совместимо с Областью действия (с.102) и Конусом (с.103). Позволяет выбирать цели, на которых будет влиять.",1,1,1
44,Выбор,Selectivity,10,"Это позволяет вам включать и выключать другие улучшения черты. Например, если у вас есть атака с Областью действия, вы можете выключить ее и атаковать только одно существо. Вы должны указать, какие улучшения вы выключаете до того, как активируете способность. По умолчанию предполагается, что вы всегда используете все ваши улучшения.
По сути, переключая способности, Избирательность позволяет вам иметь множество версий одной способности, не покупая ее несколько раз. Это особенно полезно, если вы создаете суперов из комиксов.",1,0,1
45,Основано на чувстве,Sense-Based,0,"Ваша атака направляется через чувства жертвы, игнорируя СП. Вы должны указать, через которое чувство воздействует атака. Это может быть любое чувство – зрение, слух, обоняние и даже Обнаружение. Улучшение стоит +150%, +50% за каждое чувство после первого (например, атака, воздействующая через зрение и слух +200%).
Атака может воздействовать только на тех, кто использует эти чувства. Например, атаки, основанные на зрении, не действуют на слепых или закрывших глаза, атаки через обоняние – не работают под водой и на тех, кто позаботился о противогазе. Преимущества и снаряжение, защищающие чувства, полностью защищают от атаки, или (если атака позволяет бросок сопротивления – типа Проклятия, Воздействия, Сопротивляемые атаки) дает премию к броску защиты.
Наиболее распространены такие атаки, которые нейтрализуют чувство, через которое они воздействуют. Например, Воздействие (Слепота, Воздействие через зрение) – слепящая вспышка. Однако, атаки, основанные на чувстве, могут быть и намного более смертоносными - как вой баньши или взгляд василиска.
Вы не можете объединять Воздействие через чувства с другими модификаторами пробивания Исключение: вы можете приобретать это улучшение вместе с модификатором пробивания Заклятие (с.106). В комбинации с Заклятием или атакой, которая и так уже игнорирует СП, Воздействие через чувства превращается в ограничение. Она стоит -20%, если работает через одно чувство, -15%, если через два, и -10%, если через три. Если атака воздействует более чем через три чувства, то это не является значимым ограничением.",1,1,1
46,Побочный эффект,Side Effect,0,"Вы можете добавлять это улучшение только к Природным атакам, и не можете объединять его с любыми модификаторами пробивания, кроме Делителя брони. Если любое количество вреда пробило СП, жертва делает бросок ЗД, с -1 за каждые 2 очка прошедшего вреда, или получит побочный эффект.
Побочный эффект выбирается из отрицательных эффектов Воздействия (с.35) – Оглушение, Штраф к атрибуту, Недостаток, Недееспособность. Стоимость Побочного эффекта равна +50%, плюс цена соответствующего улучшения Воздействия. Например, оглушение будет стоить +50%, а Недостаток (слепота) +100%.
Вы можете выбрать несколько побочных эффектов. Если жертва получает только один бросок сопротивления от всех сразу, считайте это одним побочным эффектом – все их цены складываются. Если жертва делает бросок для каждого эффекта отдельно, каждый из них покупается отдельным Побочным эффектом.
Оглушение проходит нормальным путем, другие эффекты длятся (20-ЗД) минут, минимум 1 минуту. Если Недееспособность объединена с другими эффектами, они длятся еще (20-ЗД) минут после прекращения действия Недееспособности.",1,1,1
47,Симптомы,Symptoms,0,"Симптомы – это эффекты, которые возникают, когда общий вред (потеря ЕУ или ЕЖ) от улучшенной Природной атаки превосходят определенную долю базового значения ЕЖ или ЕУ жертвы. Жертва не получает права сопротивления симптомам. Мастер должен ограничить Симптомы атакам, которые наносят 1к или меньше вреда.
Симптомы выбираются из следующих эффектов, описанных как улучшение Воздействия (с.35): Преимущество, Штраф к атрибутам, Недостаток, Раздражитель, Нейтрализация преимущества. Если порог возникновения симптомов равен потере 2/3 базового ЕЖ, цена равна описанной в описании Воздействия. Если порог равен 1/2 базового ЕЖ, цена удвоена, а если 1/3 – утроена.
Пример. Слепота в Воздействии стоит +50%, но как симптом, возникающий при потере половины ЕЖ от Природной атаки, становится +100% улучшением.
В отличие от поражения Воздействием, симптомы проходят только когда повреждения, принесшие их, полностью вылечены. В примере выше, слепота пройдет только когда ЕЖ жертвы станут выше половины от максимального значения.
Природная атака может иметь несколько симптомов, отражая 
различные эффекты, возникающие при потере различного количества Единиц жизни.",1,1,1
48,Действует под водой,Underwater,20,"Атаки обычно используются на земле или в вакууме, но неэффективны под водой. Это улучшение позволит использовать их под водой, с дальностью в 10 раз меньшей.",1,1,1
49,Переменная сила,Variable,5,"Вы можете уменьшать силу атаки. Например, если имеете атаку, обычно наносящую 3к вреда, вы можете уменьшить вред до 1к или 2к. уменьшение вреда заявляется до броска атаки.",1,1,1
50,Стена,Wall,30,"Это улучшение добавляется только к атакам, имеющим Область действия (с.102) и Продолжительность (с.107). За +30% вы можете формировать в области стену из субстанции или эффекта вашей способности. Тогда она будет воздействовать на всех и всё, что проходит через эту стену. За каждый ярд радиуса области воздействия вы получаете стену 3× ярдов.
За +60% стена работает так же, но вы можете формировать ее как угодно.
Вы должны определить, является ли ваша стена проницаемой или сплошной: Проницаемая (Permeable): стена состоит из жидкости, газа, энергии или аморфной материи (кусты с шипами). Она препятствует зрению, наносит вред всем, кто пытается сквозь нее пройти; но субъект может пройти сквозь нее, если не потеряет сознания или не будет убит ее эффектом. Все, что эффективно против субстанции стены, может разрушить ее: например, вода или огнетушитель могут погасить стену огня.
Сплошная (Rigid): стена – материальная преграда. Этот тип доступен только для Природных атак, наносящих кинетический вред. Каждый ярд стены имеет СП 3 и 1/2 ЕЖ за кубик наносимого вреда (округляется вверх). Например, атака, наносящая 6к вреда, может сформировать стену с СП 18 и 3 ЕЖ. Стена не наносит вреда сама по себе, но тип вреда применяется к ранениям, нанесенным жертвам.",1,1,1
51,Стена,Wall,60,"Это улучшение добавляется только к атакам, имеющим Область действия (с.102) и Продолжительность (с.107). За +30% вы можете формировать в области стену из субстанции или эффекта вашей способности. Тогда она будет воздействовать на всех и всё, что проходит через эту стену. За каждый ярд радиуса области воздействия вы получаете стену 3× ярдов.
За +60% стена работает так же, но вы можете формировать ее как угодно.
Вы должны определить, является ли ваша стена проницаемой или сплошной: Проницаемая (Permeable): стена состоит из жидкости, газа, энергии или аморфной материи (кусты с шипами). Она препятствует зрению, наносит вред всем, кто пытается сквозь нее пройти; но субъект может пройти сквозь нее, если не потеряет сознания или не будет убит ее эффектом. Все, что эффективно против субстанции стены, может разрушить ее: например, вода или огнетушитель могут погасить стену огня.
Сплошная (Rigid): стена – материальная преграда. Этот тип доступен только для Природных атак, наносящих кинетический вред. Каждый ярд стены имеет СП 3 и 1/2 ЕЖ за кубик наносимого вреда (округляется вверх). Например, атака, наносящая 6к вреда, может сформировать стену с СП 18 и 3 ЕЖ. Стена не наносит вреда сама по себе, но тип вреда применяется к ранениям, нанесенным жертвам.",1,1,1
52,Доступность,Accessibility,0,"Доступность – универсальное ограничение, которое может описать любое запрещение, не указанное нигде больше. Ограничения делятся на две широких категории: ограничивающие доступные для способности цели, и ограничивающие ситуации, в которых доступно использование.
Если способность может воздействовать только на определенные цели, ограничение определяет, насколько широка группа целей. «только на женщин», «Только на мужчин» или подобные категории, которые покрывают примерно половину населения – стоят -20%. «Только на механизмы» или «Только на электрические вещи» будет стоить -20% в технологическом сеттинге. «Только на морские создания» будет стоить -30%, если большая часть кампании не проходит под 
водой – в этом случае ограничение не даст скидки больше -10%. «Только на инопланетян» будет стоить от -30% до -40% в зависимости от мира. «Только на псиоников» - в большинстве миров будет стоить -50%. «Только не на рыжих» идентично «На всех, кроме рыжих», и будет стоить -10%.
Подобный метод применяется и к ограничению по ситуации. «Только днем» и «Только ночью» будет стоить -20%. «Только при прямом солнечном свете» -30%. «Только под водой» будет стоить -30% на Земле, но больше в пустынной планете, и меньше в подводном мире. «Только в полнолуние» или «Только в новолуние» стоит -40%. «Бесполезно во время стресса» даст скидку аж -60%, поскольку это делает способность бесполезной во время большинства ситуаций, встречающихся во время приключений. 
Ситуационная доступность может быть связана с любыми действиями персонажа. Чем более сложно, необычно или противно действие, тем выше скидка. Некоторые примеры: Только во время невидимости, нематериальности: -10%.
Только во время игры на барабане: -20%.
Только во время полета, Только во время плавания, Только в трансе: -30%.
Только одной стороной разделенной личности: -40%.
Если способность не отключается полностью, а работает в половину силы, скидка уменьшается вдвое.
Мастер не должен разрешать бессмысленные ограничения. Например, покупка полезной способности с ограничением «Только на друзей» не даст скидки. Хотя ограничение этой же способности «Только на врагов» 
может быть интересным. Также, Мастер может отвергнуть любое ограничение, которое уже включено в описании способности. Например, «Только во время полета» - неподходящее ограничение для Улучшенного движения (полет).",1,0,0
53,Действует постоянно,Always On,0,"Вы не можете отключить способность. Применимо только к способностям, которые обычно можно включать или выключать. Если эффект социальный или косметический, цена уменьшается на 10%, за физические неудобства -20%, за эффект, опасный для вас -40%. Действует постоянно является «специальным ограничением» для большинства черт, к которым его можно применить. Мастер может назначить новую цену по мере необходимости для других способностей.",1,0,0
54,Делитель брони,Armor Divisor,0,"Ваша атака слабее пробивает броню. Это ограничение могут иметь только Природные атаки и Воздействия. Вы не можете комбинировать этот модификатор брони с любыми другими модификаторами брони. Таблица см.с. 110. Кроме того, на любом уровне этого ограничения, цели с СП 0 получают СП 1 против ваших атак.
Это ограничение могут иметь только Природные атаки и Воздействие. Ограничение является модификатором пробивания, и не может быть объединено с другими подобными модификаторами, как Последующая (с.105) и Контактное действие  (с.103).",1,1,0
55,Кровяное действие,Blood Agent,-40,"Ваша атака должна попасть в слизистую оболочку (глаза, нос, открытый рот) или открытую рану, чтобы вообще подействовать. СП всегда останавливает ее.
Ограничение подходит для Воздействий и Природных атак, наносящих токсическое или из-
Вы можете применять ограничения почти ко всем чертам. При применении ограничений к недостаткам, вы уменьшаете его стоимость как недостатка. Ограниченные недостатки возвращают меньше очков, потому что оно действуют при более ограниченных условиях.
Преимущества 111
нуряющее повреждение. Особенно подходит для ядовитых брызг. Объединенное с Аурой, представляет атаку, которая действует через физическое касание.
Исключение: если атака имеет также Область действия (с.102) или Конус (с.103), ограничение работает, как указано выше, а также срабатывает, когда попадет в дыхательные пути (как Респираторное действие). Это позволит игнорировать СП. Защищены только существа Герметичные (с.82), не нуждающиеся в воздухе (с.49), имеющие Фильтрацию воздуха (с.55) и Мигательные перепонки (с.71) или Защищенное зрение (с.78). Эта способность превращает ограничение в мощное улучшение (с ценой +100%), но только если объединено с Конусом или Областью действия.
Вы не можете объединять Кровяное действиес с другими модификаторами пробивания, как Последующая (с.105).",1,1,0
56,Бомбардировка,Bombardment,0,"Это ограничение может быть взято только в сочетании с Областью действия (с.102) или Конусом (с.103). Атака не попадает автоматически во всех в области. Вместо этого, каждая цель подвергается атаке с определенным эффективным умением, зависящим от уровня ограничения. Таблица см.с. 111. Эффективное умение модифицируется только размером цели. Место попадания определяется случайно. Укрытия защищают нормально.
Ограничение подходит для атак, подобных ледяным бурям, которые воздействуют на многие, но не на все цели в области.",1,1,0
57,Контактное действие,Contact Agent,-30,"Ваша атака должна достичь голой кожи или проницаемой одежды, чтобы подействовать. СП полностью блокирует ее. Подходит для Воздействий и 
Атак, наносящих изнуряющий или токсический вред. Если взято вместе с Аурой (с.102), представляет заразную атаку, распространяемую при касании. Исключение: в сочетании с Областью действия (с.102) или Конусом (с.103), позволяет полностью игнорировать СП, превращаясь в мощное преимущество на +150%. Иммунны будут только герметично закрытые цели (с.82).
Вы не можете объединять Контактное действие с другими модификаторами пробивания, как Последующая (с.105).",1,1,0
58,Вызывает усталость,Costs Fatigue,0,"Использование способности утомляет вас. Стоимость ограничения -5% за каждое очко ЕУ.
Для способностей, имеющих мгновенное воздействие (Природная атака), вы должны оплатить полную цену каждый раз, когда используете способность.
Для способностей, предполагающих продолжительный эффект (полет) это цена за активацию и одну минуту использования. Каждая последующая минута поддержания стоит половину. Если способность предоставляет эффект, длящийся только одну секунду, вы должны оплачивать цену каждую секунду, и это удваивает ценность ограничения до -10% за очко ЕУ.",1,0,0
59,Ограничение повреждений,Damage Limitations,0,Вы можете добавить следующие ограничения Природным атакам.,1,1,0
60,Нет тупой травмы (нтт),No Blunt Trauma (nbt) ,-20,"Атака, наносящая кинетический вред, обычно наносит тупую травму (с.379). С этим ограничением – нет.",1,1,0
61,Нет отбрасывания (нотб),No Knockback (nkb) -,-10,"Лишает атаку, наносящую тупой или режущий вред, отбрасывающего эффекта. (с.378)",1,1,0
62,Не наносит ран (ннр),No Wounding (nw) ,-50,"Атака наносит базовый вред, может отбросить и нанести тупую травму, но не причиняет потери ЕУ или ЕЖ. Подобная атака отражает мощный порыв ветра или струю воды. Использование вместе с проникающей, режущей или пробивающей атакой, которая переносит связанный вред (другую атаку, имеющую ограничение Последующая, с.105), отразит ядовитые дротики и жала, которые проникают сквозь броню, но не наносят внушительных ран.",1,1,0
63,Рассеивание,Dissipation,-50,"Берется только в комбинации с Областью действия (с.102) или Конусом (с.103). Чем дальше жертва от центра области или конуса, тем менее эффективна атака. Подробнее смотрите областные и рассеянные атаки (с.413).",1,1,0
64,Излучение,Emanation,-20,"Берется только в комбинации с Областью действия (с.102). Эффект не имеет дальности или точности, но излучается из вашего тела. Несовместимо с ограничением Контактный бой и любыми модификаторами дистанционных атак.",1,1,0
65,Только в критических ситуациях,Emergencies Only,-30,"Ваша способность включается только страхом или возбуждением, вы не можете использовать ее в обычных обстоятельствах. Мастер может решить, что несколько провалов подряд при использования вашей силы могут разозлить вас достаточно для того, чтобы она начала работать, но это остается на его усмотрение.
Полная сила только в критических случаях (Full Power in Emergencies Only): если ваша способность работает в обычных обстоятельствах с половинной силой, это стоит меньше. Мастер определяет «половину» эффекта. -20%.",1,1,0
66,Увеличенная отдача,Extra Recoil,0,"По умолчанию, дистанционная атака имеет Отдачу 1, что почти не имеет значения (с.271). Вы можете дать атаке с высокой скорострельностью (с.108) более высокую отдачу:  Таблица см.с. 112",1,1,0
67,Неточность,Inaccurate,-5,"Ваша атака получает меньше выгоды от прицеливания. Большинство атак имеет Точ 3, каждый уровень ограничения уменьшает Точ на -1. Вы не можете уменьшать Точ ниже 0.",0,0,0
68,Ограниченное использование,Limited Use,0,"Вы можете использовать вашу способность только ограниченное количество раз в течение 24 часов. Для большей части преимуществ каждое «использование» - 1 минута действия. Для атак, каждое использование дает вам количество выстрелов, равное значение скорострельности, с минимумом 1 выстрел. Например, три использования атаки со скорострельностью 2 даст вам 6 выстрелов. Ценность зависит от количества использований. Таблица см.с. 112. Более 10 использований в день не является значительным ограничением.
Атаки, имеющие это ограничение, имеют две особых опции: Быстрая перезарядка (Fast Reload): вы можете восстановить потраченные использования простой загрузкой боеприпасов (3-5 секунд). Мастер определяет их вес и цену. Это уменьшает скидку в два раза.
Медленная перезарядка (Slow Reload): как и выше, но если у вас есть 2+ выстрела (не использований), вы должны перезаряжать каждый патрон отдельно (затрачивая 3+ секунд на каждый из них). Если у вас только один выстрел, перезарядка должна занимать не менее 6 секунд. Это делает ограничение на 5% менее ценным, чем обычно. Например, 3-4 использования в день будут стоить -15%, а не -20%, как обычно.",0,0,0
69,Контактный бой,Melee Attack,0,"Ваша атака функционирует как контактное оружие. Она не имеет дальности, но позво-
ляет парировать, использовать финты, быстрый удар и прочие манёвры контактного боя. Вместо всех параметров дистанционного боя она получает атрибут Досягаемость: Таблица см.с. 112. Если вы не можете парировать этой атакой – это увеличивает ограничение еще на -5%.",1,1,0
70,Смягчение,Mitigator,0,"Это ограничение применяется только для недостатков. Определенный предмет или субстанция временно нейтрализует ваш недостаток. Чем более эффективен Смягчитель, тем меньше очков вы получите за недостаток.
Смягчитель уязвим, легко может быть украден, сломан или потерян (очки): -60%.
Это лекарство или иная вещь, которая должна приниматься ежедневно: -60% Смягчитель принимается каждую неделю: -65% Смягчитель принимается каждый месяц: -70%.
Это подразумевает, что эти вещи доступны в виде лекарств. Если вам нужен особый или дорогой вид смягчения – скидка +5% (было -70%, станет 65%). Если вы можете получить его только из особого источника (экспериментальные лекарства), то +10%.
Пример 1: плохое зрение стоит -25 очков. Очки нейтрализуют плохое зрение, когда одеты, но они легко ломаются – это ограничение на -60%. Это уменьшает цену недостатка до -10 очков.
Пример 2: Джек болен СПИДОМ, и без лечения погибнет за месяц. Это – Смертельная болезнь ценой -100 очков. К счастью, Джек участвует в испытании экспериментального лекарства, которое поддерживает его в стадии ремиссии. Его требуется принимать раз в неделю (-65%), но невозможно найти больше нигде (+10%), в итоге Смягчитель -55%. Это уменьшает цену Смертельной болезни до -45 очков. Пока Джек участвует в программе, таймер его смерти остановлен.",1,0,0
71,Неприятный эффект,Nuisance Effect,0,"Ваша способность имеет побочный эффект, который причиняет вам серьёзные неудобства. Мастер должен определить ценность ограничения в каждом случае, и обязан запретить эффекты, которые приносят пользу или не ограничивают ценность способности достаточно сильно. Несколько примеров: ● Штраф к реакции окружающих. Возможно, вы странно выглядите или должны выполнять неприятный ритуал. -5% за каждые -1 штрафа (максимум -4).
● Способност ь делает вас заметными, ограничивая возможность укрытия и привлекая врага. (-5%). ● Ваша способность причиняет вам физические неудобства. Возможно, вы привлекаете насекомых, ваша броня ржавеет или вы становитесь голодным. (-5%).
Вы не можете взять ценную силу как Неприятный эффект. Например, «Убивает всех в радиусе мили» - точно не подходит. Вы не можете также взять эффект, который никак не мешает. Если преимущество Террор привлекает песок – это забавно, но не является ограничением.",1,0,0
72,Инкубация,Onset,0,"Это ограничение берется только в сочетании с одним из следующих модификаторов: Кровяное действие, Контактное действие, Распираторное действие, Заклятие, Последующая. Оно задерживает воздействие или вред на некоторое время после попадания. Цену ограничения определяет время задержки. Таблица см.с. 113. Задержка, которая попадает между двумя порогами, использует цену низшего: 30 минут стоят -10%. Если вы можете контролировать время задержки, вы должны взять Задержку.
Вариант этого ограничения – время экспозиции, которая доступна только для атак с Аурой или Продолжительностью. Это представляет радиоактивность, слаботоксичные газы и пр. Работает это практически также, но жертва должна находиться под воздействием в течение всего периода, чтобы получить эффект (или повторить его, если вы продолжаете воздействие). Это увеличивает цену на дополнительные -20%, например, 1 минута будет стоить -30%.",1,1,0
73,Договор,Pact,0,"Высшая сила даровала вам способность, в обмен на ваше обещание следовать некоторым правилам (считаются за добровольные ментальные недостатки, с.121). Эти недостатки дают обычные очки. Если вы отступаете от правил, способность отказывает, пока вы не раскаетесь. Ценность ограничения равна цене недостатка, выраженной в процентах: так, клятва на -10 очков даст ограничение ценой -10%.",1,0,0
74,Требуется подготовка,Preparation Required,0,"Применение способности требует особой подготовки перед использованием. Возможно, требуется медитировать, 
или выполнить некий ритуал для концентрации. Обычно это ограничение лучше подходит для сверхъестественных способностей – Медиум (с.41) или Проводник. Вы не можете использовать способность без подготовки. В 
течение требуемого времени вы должны выполнять манёвр концентрации. Вы не обязаны указывать, как будете использовать способность, но если у вас есть несколько способностей с этим ограничением, вы должны указать – какую способность вы готовите.
Подготовленная способность может использоваться обычно – немедленно или позднее. Однако вы можете иметь подготовленным только одно преимущество с этим ограничением. Немедленно после использования способность становится неготовой, независимо от успешности использования. Если способность имеет продолжительность, вы можете поддерживать ее после активации. Тбалица см.с. 114. Ослаблено без подготовки (Weakened Without Preparation): ваша способность может использоваться без предварительной подготовки, но все ее параметры уменьшаются вдвое. Скидка на такое ограничение – половинная.",1,0,0
75,уменьшенная дистанция,Reduced Range,-10,"Применимо только к способностям, имеющим дальность действия. Расстояние действия уменьшается в несколько раз. Существует три уровня ограничения: Таблица см.с. 115. Если применяется к атакам, имеющим половинную дистанцию, каждый уровень уменьшает и 1/2Д и Мах. уменьшение только 1/2Д стоит половину (т.е. «уменьшение 1/2Д» стоит -5%/уровень), независимое уменьшение значения Мах невозможно.",1,0,0
76,Сопротивление,Resistible,0,"Применимо только к Природным атакам, наносящим изнуряющее или токсическое повреждение. Требуется также взять Кровяное действие, Контактное действие, Распираторное действие, Основано на чувстве или Последующая. Ограничение отражает яд, болезнь или подобный эффект, которому здоровая жертва может сопротивляться.
Для избегания эффекта требуется успешный бросок ЗД. Бросок против ЗД-5 стоит -5%, каждые +1, получаемые жертвой к броску, стоят дополнительно -5% (ЗД-4 – стоит -10%, ЗД+4 стоит -50%).
Если атака также имеет Цикличность (с.103), жертва кидает сопротивление перед каждым циклом, включая первый. Успешный бросок – прекращение получения вреда, провал – жертва получает вред и атака продолжается.",1,1,0
77,Основано на чувстве,Sense-Based,0,"При атаках с Проклятьем или способностями, игнорирующими СП (напр., Контроль разума), это ограничение. Подробнее смотрите преимущества Основано на чувстве (с.109).",1,1,0
78,Долгая подготовка,Takes Extra Time,-10,"Применяется только к способностям, которые требуют вре-
мени на активацию и работают достаточно быстро, чтобы быть полезными в экстренных случаях (например, в бою). Мастер может запретить это ограничение для преимуществ, активация которых занимает 1-2 секунды.
Для способностей, требующих манёвра Подготовка или Концентрация, каждый уровень ограничения удваивает требуемое время. Для атак первый уровень приводит к необходимости односекундного манёвра Подготовки до атаки, последующие – удваивают это время.",0,0,0
79,Требует перезарядки,Takes Recharge,0,"Ваша способность требует перезарядки после каждого использования, и в это время недоступна. Ценность зависит от времени перезарядки: 5 секунд (или удвоенное время действия) -10%; 15 секунд (или время действия, увеличенное в пять раз): -20%; один час (или время действия способности, умноженное в 10 раз): -30%.
Дальнейшее увеличение времени перезарядки бессмысленно – см. Ограниченное использование (с.112).",1,0,0
80,Временный недостаток,Temporary Disadvantage,0,"Вы можете применять это ограничение к любому преимуществу, которое вы можете выключать и включать по желанию, и переключение занимает не менее 1 секунды.
Когда вы включаете преимущество, вы получаете один или несколько недостатков, пока преимущество работает. Ограничение стоит -1% за каждое очко временных недостатков, до максимума -80%.
Например: вы можете использовать ноги как руки, но не можете в это время ходить. Это будет работать как Дополнительные руки +2 (20 очков) с Временным недостатком Безногий (-30%), итоговая стоимость – 14 очков.
Снижение стоимости от Временного недостатка не может превышать 80% стоимости этого недостатка.
Пример: у вас есть Ускоренный ход времени 1 (100 очков) с временным недостатком: Гемофилия (-30%) – кровь вы теряете тоже быстрее. Поскольку Гемо-
филия стоит -30 очков, максимальная скидка будет -24 очка, так что это уменьшит стоимость Ускоренного течения времени на 24 очка (до 76), а не на 30.
Вы можете взять только такой временный недостаток, который логически подходит под неудобства, причиняемые действием преимущества. В случае ментальных недостатков (Неистовство, Развратность), при провале броска самоконтроля вы получаете этот недостаток, и страдаете от него, пока не восстановите свое спокойствие – и это может случиться гораздо позже прекращения действия преимущества. Вы также можете использовать это ограничение для нейтрализации существующего преимущества. В таком случае ограничение стоит -1% за каждое очко снимаемого преимущества, и скидка не будет превышать 80% от цены деактивируемого преимущества. Только одно из включенных преимуществ может взять это ограничение – вы не можете взять два преимущества с этим ограничением, каждое из которых выключает другое во время использования.",1,0,0
81,Триггер,Trigger,0,"Ваше преимущество требует наличия особой субстанции или состояния для функционирования. Одна «доза» требуется на каждую минуту использования. Скидка зависит от редкости: Повсеместный (доступен почти везде): -10%.
Распространенный  (дорогой или трудно найти): -20%.
Ограниченный (очень дорогой и трудно найти): -30%.
Редкий (невозможно купить, надо создать или найти): -40%.
Если Триггер нелегальный, вызывает привыкание или представляет иную опасность, скидка увеличивается в 1,5 раза.",0,0,0
82,Только подсознательно,Unconscious Only,-20,"Берется только в связке с Бесконтрольностью (см ниже). Вы вообще не можете активировать способность по желанию – это на усмотрение Мастера. Вы можете выкупить это ограничение позже, обретя контроль над силой.",0,0,0
83,Бесконтрольность,Uncontrollable,-10,"Ваша способность проявляется в нежелательные или неподходящие моменты. Когда Мастер считает, что вы испытываете стресс (включая любые ситуации, требующие броска Страха или Самоконтроля) – вы должны кинуть Волю, чтобы сохранить контроль над способностью, даже если вы не хотите ее использовать. Требуется только один бросок за каждую ситуацию, но результат 14+ - всегда провал, независимо от значения Воли.
При провале Мастер берет вашу способность под свой контроль, и заставляет ее действовать во враждебной или несерьёзной манере. Действие способности часто отражает ваши «подавляемые желания», отраженные в причудах и ментальных недостатках.
Способность, которая не наносит вреда (Прыгун или Полет) – активируется неожиданно. Это необязательно будет опасно, но причиняет неудобства. После каждого неконтролируемого действия, вы получаете новый бросок Воли, чтобы вернуть контроль. В этом случае Неконтролируемость стоит -10%.
Вредоносная способность в первую очередь обращается против ваших врагов, и никогда не обратится на вас – но никто другой не находится в безопасности. После каждого неконтролируемого действия (или перед ним, если вы атакуете Иждивенца или дорогого вам человека), вы получаете новый бросок воли, чтобы вернуть контроль. Для вредоносных способностей Неконтролируемость стоит -30%. Вы можете выкупить ограничение свободно, и обрести полный контроль над своей способностью.",1,0,0
84,Бесконтрольность,Uncontrollable,-30,"Ваша способность проявляется в нежелательные или неподходящие моменты. Когда Мастер считает, что вы испытываете стресс (включая любые ситуации, требующие броска Страха или Самоконтроля) – вы должны кинуть Волю, чтобы сохранить контроль над способностью, даже если вы не хотите ее использовать. Требуется только один бросок за каждую ситуацию, но результат 14+ - всегда провал, независимо от значения Воли.
При провале Мастер берет вашу способность под свой контроль, и заставляет ее действовать во враждебной или несерьёзной манере. Действие способности часто отражает ваши «подавляемые желания», отраженные в причудах и ментальных недостатках.
Способность, которая не наносит вреда (Прыгун или Полет) – активируется неожиданно. Это необязательно будет опасно, но причиняет неудобства. После каждого неконтролируемого действия, вы получаете новый бросок Воли, чтобы вернуть контроль. В этом случае Неконтролируемость стоит -10%.
Вредоносная способность в первую очередь обращается против ваших врагов, и никогда не обратится на вас – но никто другой не находится в безопасности. После каждого неконтролируемого действия (или перед ним, если вы атакуете Иждивенца или дорогого вам человека), вы получаете новый бросок воли, чтобы вернуть контроль. Для вредоносных способностей Неконтролируемость стоит -30%. Вы можете выкупить ограничение свободно, и обрести полный контроль над своей способностью.",1,0,0
85,Ненадежность,Unreliable,0,"Иногда ваша способность работает, а иногда нет – и вы не можете предсказать этого. Это не то же самое, что бросок активации способности. Вы можете иметь умение 20, и все равно сталкиваться с проблемами.
Каждый раз, когда вы используете способность, вы должны выбросить число активации или меньше на 3к. В случае успеха, в этот раз способность срабатывает – и вы можете сделать бросок активации. Если ваша способность оказывается недоступной, вы 
можете попытаться снова в следующую секунду, без штрафов. Каждая успешная попытка стоит 1 ЕУ. Если у вас 3 и меньше ЕУ, вы должны отдохнуть и восстановить все потерянные ЕУ, прежде чем сможете попытаться снова. Таблица см.с. 116. В случае применения Ненадежности к встроенному огнестрельному оружию или механизмам, используется правило Сбоев (Malf.). Вместо броска числа активации, вы получаете шанс сбоя. Таблица см.с.116.",1,0,0
86,Нетренируемость,Untrainable,-40,"Это ограничение может применяться только к способностям, для использования требующим броска умения. 
Вы не можете обучиться нормальному контролю способности. Все умения, ассоциированные с этой способностью, действуют, как если бы базовый для них атрибут равнялся 8 (или его текущему значению - что меньше), а максимальный уровень умения для этой способности – 10.",1,0,0
87,Разрушаемость,Breakable,0,"Ваши враги могут разрушить предмет, и вы потеряете все выгоды от него, пока он не будет отремонтирован. Цена ограничения складывается из прочности и размера.
Прочность (Durability): чем легче сломать предмет, тем серьёзнее ограничение. Зависит от веса и СП предмета: Таблица см.с.117. Если предмет является механизмом, он может сломаться (в отличии от простого артефакта, как кольцо или шляпа), добавьте еще -5%. Смотрите Повреждения объектам (с.483) для определения ЕЖ и результата повреждений.
Ремпригодность (Reparability): выберите умение, необходимое для ремонта. Если ремонт невозможен, или требует значительных усилий, занимает много времени или расходов, это стоит дополнительно -15%.
Размер (Size): влияет на броски Зрения, чтобы заметить и распознать его вне боя, и бросок атаки, чтобы попасть по нему Таблица см.с. 117.",1,0,0
88,Может быть украден,Can Be Stolen,0,"Ваши враги могут отобрать предмет у вас, лишая вас выгод от него. Применимо только если предмет явно дает некоторые возможности и привлекателен для воров. Ценность ограничения зависит от легкости воровства:
Легко украсть броском против ЛВ (шляпа, например). -40%.
Необходимо выиграть Быстрое состязание по ЛВ (браслет) или СЛ (палочка): -30%.
Только карманным воровством или ловкостью рук (монетка в кармане): -20%.
С применением силы (доспех): -10%.
Ценность ограничения уменьшается вдвое, если вор не сможет воспользоваться предметом в той же мере, что и вы.",1,0,0
89,Уникальность,Unique,-25,"Это ограничение берется только в сочетании с Разрушаемым или Может быть украдено. Обычно вы можете заменить украденный или разрушенный предмет, пусть это и займет значительное количество времени и средств. Если предмет уникален, вы не сможете его заменить никогда!
Очки, потраченные на предмет, будут потрачены навсегда.",1,0,0
