1,2,Акробатика,Acrobatics,,,,,,"Это умение выполнять акробатические или гимнастические трюки, сгибаться, правильно падать и т.д. Это может оказаться полезным в приключении; хождение по канату, создание пирамиды из людей, прыжки на трапеции, - все это может пригодиться.
Для каждого трюка требуется отдельный бросок умения (с подходящими, на взгляд Мастера, штрафами). Если вы пытаетесь использовать умение на движущемся транспортном средстве, бросок делается против низшего из значений Акробатики и соответствующего умения Вождения или Верховой езды.
Бросок умения Акробатика может заменить собой  бросок ЛВ при любой попытке прыгнуть, перевернуться, избежать Сбивания с ног и т.д. Персонаж, пытающийся уклониться, может попробовать выполнить Акробатическое уклонение, прыжок или переворот, который позволяет вам избежать попадания очень эффектным образом (с.375). Удачный бросок умения Акробатика также может снизить эффективную высоту падения на 5 ярдов (Падение, с.431). Мастер имеет право назначить штраф на свое усмотрение, если он считает какой-то трюк особо сложным. По умолчанию Акробатика, Аэробатика и Аквабатика относятся друг к другу с -4. Идеальное равновесие (с.74) дает +1 к любому из этих умений."
2,2,Аэробатика,Aerobatics,,,,, +2 за Чувство пространства (с.34).,"способность выполнять сложные трюки, петли в полете. Способность полета необходима, но его природа не имеет значения (псионика, магия, реактивные ранцы и прочее). От природы летающие создания могут чувствовать себя как угодно свободно в полете, но и они должны изучать этот умение, чтобы выполнять сложные трюки"
3,2,Аквабатика,Aquobatiks,,,,,,"акробатика в водной среде. Требования: умение Плавание, преимущество Амфибия (с.40) или недостаток Водный (с.145)"
4,11,Боескафандры,Battlesuits,,,,,,"все виды скафандров с энергоисточником, возможно, с наличием встроенного вооружения."
5,11,Личная броня,Body Armor,,,,,,"любой вид персональной брони (но не щитов). По умолчанию: Кузнец (бронза)-3 на ТУ 1, Кузнец (железо) на ТУ 2-4, и Слесарь-3 на ТУ 5+."
6,11,Силовые щиты,Force Shields,,,,,,"любой вид силовых экранов и отражателей – как персональных, так и устанавливаемых на транспорт. Это тоже самое, что и Ремонт электроники (Силовые щиты)."
7,11,Тяжелое оружие ,Heavy Weapon,,,,,,"любое оружие, использующее умения Артиллерия и Тяжелое оружие."
8,11,Контактное оружие,Melee Weapon,,,,,,"любое оружие, использующее умения Контактного боя или метания, а также все виды щитов. По умолчанию: Кузнец (бронза)-3 на ТУ 1, Кузнец (железо) на ТУ 2-4, и Слесарь-3 на ТУ 5+."
9,11,Метательное оружие,Missile Weapon,,,,,,"любое холодное дистанционное персональное оружие – луки, арбалеты, пращи и пр."
10,11,Небольшое огнестрельное оружие,Small Arms,,,,,,"любое оружие, используемое с умениями Лучевое и Огнестрельное оружие. По умолчанию Слесарь-5, на ТУ 5+."
11,11,Транспортная броня,Vehicular Armor,,,,,,любые виды брони транспорта.
12,12,Лучевое оружие,Beams,,,,,,"любой тип тяжелого энергетического оружия при использовании непрямой наводки (с орбиты, с использованием зеркал и т.д.); "
13,12,Бомбы,Bombs,,,,,,любые снаряды свободного падения
14,12,Пушки,Cannon,,,,,,"любые тяжелые орудия – минометы, корабельные орудия; "
15,12,Катапульты,Catapult,,,,,,"осадные механизмы непрямого огня – требушеты, баллисты и т.д.; "
16,12,Управляемые ракеты,Guided Missile,,,,,,любой вид самонаводящихся или пилотируемых ракет.
17,12,Торпеды,Torpedoes,,,,,,подводные снаряды с собственным двигателем.
18,13,Боди-арт,Body-art,,,,,,"атуировки, пирсинг, скарификация. Косметическая хирургия не входит в этот умение (это – Хирургия, с.223). Временные татуировки и окраска может делаться и с помощью специализации Живопись."
19,13,Каллиграфия,Calligraphy,,,,,,красивое декоративное письмо. Грамотным быть не обязательно.
20,13,Рисование,Drawing,,,,,,"все формы работы углем, карандашом, чернилами…"
21,13,Иллюстрирование,Illuminating,,,,,,украшение текста миниатюрными рисунками
22,13,Иллюзионизм,Illusion,,,,,,создание впечатляющих и правдоподобных иллюзий. Требуется иметь способности к созданию иллюзий (магические или пси).
23,13,Дизайн интерьера,Interior Decorating,,,,,,"создание приятного, уместного интерьера. По умолчанию: Архитектор-3."
24,13,Живопись,Painting,,,,,,"все формы – на холсте или стенах, маслом, темперой и пр."
25,13,Гончар,Pottery,,,,,,"работа с керамикой, обычно – глиной."
26,13,Декорирование,Scene Design,,,,,,создание хороших подходящих декораций. По умолчанию: Архитектор-3.
27,13,Скульптура,Sculpting,,,,,,"создание трехмерных предметов искусства из гипса, дерева, камня и прочих материалов. "
28,13,Работа по дереву ,Woodworking,,,,,,все формы резьбы и декоративной обработки дерева. По умолчанию: плотник-3.
29,16,Пистолеты,Pistol,,,,,,"небольшое оружие, стреляющее лучами;"
30,16,Проекторы,Projector,,,,,,энергетическое оружие с конусообразным излучением
31,16,Винтовки,Rifle,,,,,,длинноствольное лучевое оружие.
32,18,Клонирование,Cloning,,,,,,создание и выращивание клонов.
33,18,Генная инженерия,Genetic Engineering,,,,,,модификация генома.
34,18,Органная инженерия,Tissue Engineering,,,,,,создание органов и тканей.
35,22,Крупные моторные лодки,Large Powerboat,,,,,,"лодки с закрытой кабиной и двигателем. Включает патрульные лодки, яхты и т.п. По умолчанию: Моторные лодки-2, Парусные лодки-2, Гребля-4. Это – единственная специализация, также имеющая значение по умолчанию Кораблевождение-4. "
36,22,Моторные лодки,Motorboat,,,,,,"любые моторные лодки, особенно катера и любые небольшие суда с двигателем на борту (включая парусные и гребные, когда установлен двигатель). По умолчанию: Парусные лодки-3, Крупные моторные лодки-2, Гребля-3."
37,22,Парусные лодки,Sailboat,,,,,,"все небольшие судна с парусом. По умолчанию: Крупные моторные лодки-4, Моторные лодки-3, Гребля-3."
38,22,Гребля,Unpowered,,,,,,"любые судна, приводимые в движение мускульной силой – каноэ, шлюпки, плоты и т.п. По умолчанию: Крупные моторные лодки-4, Парусные или моторные лодки -3."
39,47,Летчик/ТУ,Airshipman,,,,,,"умение хранения и использования балласта, газовых вентилей, тросов и пр. на борту дирижабля, воздушного шара или другого крупного воздухоплавательного аппарата."
40,47,Моряк/ТУ,Seamanship,,,,,,"умение использования якорей, веревок, парусов и пр. на борту крупного надводного корабля (не подводной лодки)."
41,47,Космонавт/ТУ,Spacer,,,,,,"умение работы с шлюзами, воздушными пробками, причальными системами и пр. на борту крупного космолета или космической базы. "
42,47,Подводник/ТУ,Submariner,,,,,,"умение работы с шлюзами, насосами, вентилями и прочим оборудованием на подводной лодке или морской базе."
43,51,Бизнес,Business,,,,,,"курсы обмена, эффективность капиталовложений."
44,51,Главные новости,Headline News,,,,,,"обычно плохие – эпидемии, войны, убийства."
45,51,Культура,Culture,,,,,,"галереи, оперы, симфонии и пр."
46,51,Люди,People,,,,,,"имена и слухи о знаменитостях, руководстве и пр."
47,51,Политика,Politics,,,,,,"международное отношение, результаты голосований."
48,51,Поп-культура,Popular Culture,,,,,,"хиты, мода, новинки."
49,51,Региональные,Regional,,,,,,новости всех типов в одном регионе. На низких ТУ это умение «глашатаев».
50,51,Наука и технологии,Science & Technology,,,,,,новые разработки и изобретения.
51,51,Спорт,Sports,,,,,,"результаты матчей, знаменитости."
52,51,Путешествия,Travel,,,,,,"модные туристические маршруты, цены."
53,58,Автомобили,Automobile,,,"тяжелые автомобили -2, другое вождение -4",,,"любая техника с тремя и более колесами, весом менее 5 тонн и не рельсовая."
54,58,Строительная техника ,Construction Equipment,,,другой вид вождения -5,,,"любые бульдозеры, краны, плуги и прочее."
55,58,Полугусеничные,Halftrack,,,гусеничная техника -2 или другой вид вождения -4,,,"любое транспортное средство, использующее для движения одновременно и гусеницы и колеса либо лыжи."
56,58,Тяжелые автомобили,Heavy Wheeled,,,"Автомобили -2, другой вид вождения -4",,,"любое средство с тремя и более колесами, весом 5 и более тонн, не использующее рельсы."
57,58,Воздушная подушка,Hovercraft,,,другой вид Вождения -5,,,любой тип транспорта на воздушной подушке. 
58,58,Локомотив,Locomotive,,,другой вид вождения -5,,,"любое транспортное средство, движущееся по рельсам – обычным, магнитным и любым другим."
59,58,Мех,Mecha,,,"Боевой скафандр -3, Другой вид вождения-5",,,"транспорт, использующий ноги, либо катящийся, скользящий или даже прыгающий. "
60,58,Мотоциклы,Motorcycle,,,Велосипед -4,,,"любое одно- или двухколесное транспортное средство с двигателем, включая имеющие коляски. Крупные мотоциклы часто имеют требования к СЛ, как оружие (с.270)."
61,58,Гусеничная техника,Tracked,,,"Полугусеничные-2, другой вид Вождения-4",,,"любой транспорт, передвигающийся с помощью гусениц."
62,62,Связь,Communication,,,,,,"передача радиосигнала на дальние расстояния, сверхсветовое радио и спутниковые приемники. Специализация в связи также дает знание любых стандартов, текущих кодов связи, соответствующих происхождению персонажа. При этом бросок умения не требуется, хотя он необходима при попытке понять или использовать незнакомые коды. На ТУ 5-7 включает телеграфию (2 слова в минуту за очко умения на ТУ 5, 3 слова в минуту за очко умения на ТУ 6-7)."
63,62,"Радиоэлектронная борьба, РЭБ","Electronic Warfare, EW",,,,,,все оборудование для разведки и противодействия разведке. В большинстве миров эта специализация доступна только военным (с.30) или имеющим доступ (с.82).
64,62,Силовые поля,Force Shields,,,,,,"персональные, портативные, транспортные, стационарные и установленные на космических кораблях силовые поля и отражатели."
65,62,Передача материи,Matter Transmitters,,,,,," все передатчики материи, телепортеры или транспортеры. Критическая ошибка может быть фатальной."
66,62,Медиа,Media,,,,,,"все виды оборудования для аудио, фильмов и видео. Если доступны трехмерное видео (голография) или сенсорные записи – и они тоже. Каждый тип считается знакомством."
67,62,Медицина,Medical,,,,,,"резервуары для клонирования, системы жизнеобеспечения и бионическое оборудование."
68,62,Парахронотехника,Parachronics,,,,,,любое снаряжение для путешествий через время и пространство.
69,62,Психотроника,Psychotronics,,,,,,"пси-оборудование, вроде телепатических щитов и усилителей."
70,62,Научные системы,Scientific,,,,,,"лабораторная электроника и приборы. Вы автоматически знакомы с оборудованием, используемым в любом из научных умений, в который вы вложили хотя бы одно очко."
71,62,Системы безопасности,Security,,,,,,"работа и обход сигнализаций, сенсоров и прочего охранного оборудования."
72,62,Сенсоры,Sensors,,,,,,"системы обнаружения всех типов – радары и даже сенсорные панели. Некоторые особые виды сенсоров (такие, как сонар – см. ниже) выделены отдельно."
73,62,Сонары,Sonar,,,,,,все типы акустического оборудования (обычно используется под водой).
74,62,Шпионаж,Surveillance,,,,,,"все виды охранного и шпионского оборудования: жучки, камеры, микрофоны, перехват."
75,62,Хронотехника,Temporal,,,,,,все виды машин времени. Критический провал может привести к фатальным происшествиям.
76,62,свой,self,,,,,,-
77,64,Артиллерия,Artillery,,,Оружейник (тяжелое оружие)-6,,,"все, что подходит в эту категорию на вашем ТУ – от требушетов до умных ракет."
78,64,Гражданский,Civil,,,Архитектура-6.,,,"автострады, акведуки, постройки и пр."
79,64,Часовщик,Clockwork,,,Механика (часы)-6.,,,"заводные устройства – часы, механизмы."
80,64,Военный,Combat,,,Взрывные работы (подрывник)-6.,,,"укрепления, рвы и пр."
81,64,Электроприборы,Electrical,,,Электрик-6,,,"электрические системы, батареи, электропроводка."
82,64,Электроника,Electronics,,,Ремонт электроники (любой)-6.,,,электронные приборы – от компьютеров до космических сенсорных систем. 
83,64,Материалы,Materials,,,"Химия-6, Металлургия-6.","Химия, Металлургия.",,создание новых структурированных материалов.
84,64,Микротехнология,Microtechnology,,,Механика (микромеханизмы)-6,,,создание микромеханизмов.
85,64,Шахты,Mining,,,"Взрывные работы-6, Геология-6.",,,проектирование подземных структур.
86,64,Нанотехнология,Nanotechnology,,,Механика (наномеханизмы)-6,,,создание наномеханизмов.
87,64,Парахроника,Parachronic,,,"Использование электроники (парахроника)-6 (уровень по умолчанию не доступен, если в вашем обществе эта технология неизвестна). ",Физика,,создание устройств для пересечения миров и времен.
88,64,Психотроника,Psychotronics,,,Использование электроники (психотроника)-6,,,"работа с пси-технологией – типа усилителей и псионических щитов (уровень по умолчанию не доступен, если в вашем обществе эта технология неизвестна)."
89,64,Робототехника,Robotics,,,Механика (роботы)-6,,,создание кибернетических устройств и роботов.
90,64,Малое оружие,Small Arms,,,Оружейник (малое оружие)-6,,,проектирование личного оружия – от пистолетов до ракетниц.
91,64,Темпоральная,Temporal,,,"Использование электроники (темпоральная)-6 (уровень по умолчанию не доступен, если в вашем обществе эта технология неизвестна). ",Физика,,создание машин времени.
92,64,Тип транспорта,Vehicle Type,,,Механика (тот же тип)-6,,,"создание и проектирование широкого класса машин (самолеты, корабли, автомобили)."
93,70,Боевой скафандр,Battlesuit,,,,,,"все типы боевой брони и экзоскелетов со встроенным источником энергии. Боевая броня и Экзоскелеты – похожи, но не одинаковы, и считаются как за знакомство (с.169)."
94,70,Водолазный костюм,Diving Suit,,,Акваланг -2,,,"все виды жестких водолазных костюмов (гибкие открытые и закрытые включены в умение Акваланг). Включает открытый костюм на ТУ 5, Жесткий шлем на ТУ 6, которые используют герметичный шлем и подачу воздуха – но не всегда полностью закрытый костюм. На ТУ 7 доступен настоящий, полноценный водолазный скафандр. Мастер может потребовать броска Плавания для маневрирования в этом костюме."
95,70,Костюм химзащиты,NBC Suit,,,,,,"все виды снаряжения (включая не имеющие собственного питания), созданные для защиты от опасностей окружающей среды и работы с опасными материалам. Без этого умения вы постоянно рискуете в чем-то ошибиться и получить вред. Для создания импровизированного защитного костюма сделайте бросок умения от ИН со штрафом от -5 до -15!"
96,70,Космический скафандр,Vacc Suit,,,,,,"любой тип космического скафандра – включая специальные костюмы для работы в атмосферах с высоким давлением, кислотностью или ядами."
97,70,свой,self,,,,,,-
98,75,Компьютерная безопасность ,Computer Security,,,,,,"юбые вопросы по проникновению в компьютеры и противодействию ему. Может заменять Криптографию, работу с электроникой и компьютерами, чтобы обнаружить дыры в безопасности. Использование или закрытие этих дыр использует Программирование."
99,75,Теория конспирации,Conspiracy Theory,,,,,,"наука о взаимодействии конспирационных сетей. Может заменить Антропологию, Географию, Историю, Литературу или Оккультизм, чтобы получить ответ на некоторые вопросы, или сработать как Анализ разведданных исключительно для этой цели. Не включает внутренних знаний этих областей, что покрывается умением Тайное знание (с.199)."
100,75,Египтология,Egyptology,,,,,,"наука о древнем Египте. Заменяет Антропологию, Археологию, Историю, Лингвистику или Оккультизм."
101,75,Эпидемиология,Epidemiology,,,,,,"наука о распространении инфекций. Включает Биологию, Диагностику, Экспертизу, Географию и даже Математику (для расчета распространения эпидемий)."
102,75,Гидрология,Hydrology,,,,,,"наука о водном покрове планеты, орошении и течениях. Биология, Химия, География, Геология и Метеорология – наводнения, орошение, осадки."
103,75,Военная наука,Military Science,,,,,,"общее знание военных возможностей, стратегии и оружия. Артиллерия, Оружейник, Стратегия и Тактика – позволит ответить на вопрос, но не использовать эти умения!"
104,75,Природная мудрость,Natural Philosophy,,,,,,"общие умение, который обычно заменяет определенный научное умение (которого, может быть, еще и не существует вовсе) на ТУ 1-4. Может заменить любой такой бросок, и ответить на вопрос о известных вещах так, как их представляют люди."
105,75,Политическая наука,Political Science,,,,,,"академическое изучение политики. Заменяет Географию, Историю, Право, Политик, Социологию при попытках анализа политической ситуации."
106,75,Псионика,Psionics,,,,,,"наука о разуме и мозге, и феномене пси. Биология, физиология, психология, врач, диагностика. Не может заменить Использования или Ремонта Электроники, или Инженерии, при работе с прихотронными устройствами."
107,75,Танатология,Tanatology,,,,,,"эзотерическая наука о смерти. Заменяет Антропологию, Археологию, Оккультизм и Теологию, когда ученый имеет дело со смертью и мертвецами."
108,75,Ксенология,Xenology,,,,,,"общий набор знаний о известных расах вашего мира. Антропология, История, Физиология, Психология для различения других рас, а также дают ответы на общие вопросы о расе и ее культуре."
109,75,свой,self,,,,,,-
110,76,Подрывник,Demolition,,,Инженер (военный) или (шахты) -3,,,"это способность приготовить и установить взрывное устройство. Провал – ошибка, серьёзность которой зависит от величины провала; сильно проваленный бросок может привести к взрыву, пока вы еще рядом. Необходимое время сильно различается: только несколько секунд необходимо, чтобы установить готовый брикет С4, но подготовка к взрыву моста или небоскреба может занять несколько часов. Это умение заменяет умение Ловушки, если вы имеете дело с взрывными устройствами. Разные типы взрывателей (ловушка и таймер) считаются за знакомство."
111,76,Разминирование,"Explosive Ordnance Disposal, EOD",,,,ЛВ 12+,,"это умение разряжать и обезвреживать бомбы, мины, запалы и т.д. Разминирование обычно применяется как быстрое состязание умений, Разминирование сапёра и модифицированного умения Подрывник персонажа, который создавал механизм. Провал или критический провал не обязательно означает взрыв и смерть сапёра. Мастер может придумать много более интересных результатов. Внезапные шипящие звуки, странные отваливающиеся детали, нервный тик, зуд или сигнал тревоги - всё это возможно при подходящих условиях. Лучше будет, если Мастер сделает бросок умения и опишет жертве ее ощущения. Также возможен бросок испуга у людей, выживших при проваленном броске разминирования. Заметьте, что к саперам предъявляются строгие и слегка необычные требования насчет физической формы; нельзя иметь никаких дыхательных аллергий. Чихать во время разминирования не рекомендуется."
112,76,Фейерверки,Fireworks,,,Химия-3,,,"умение создания пиротехнических устройств – дымовых и световых гранат, фейерверков и т.п. Большая часть этого снаряжения может использоваться любым человеком. "
113,76,Разминирование ядерных устройств,"Nuclear Ordnance Disposal, NOD",,,,,,"разрядить большинство военного ядерного оружия несложно; гораздо сложнее будет разоружить бомбу, сделанную террористами. К ядерному взрыву приводят только два критических провала подряд. Просто провал приведёт максимум к детонации заряда, который должен сжать ядерные массы и заставить их детонировать… хотя это небольшое утешение для сапёра. При одном критическом провале без повторного, прилегающая зона (устанавливается Мастером) может быть отравлена радиоактивными веществами."
114,76,Подводные взрывные работы ,"Underwater Demolition, UD",,,,,,способность подготовить и установить взрывчатку под водой. В остальном аналогично специализации Взрывные работы. Обычно необходимо умение использовать акваланг или хотя бы умение Плавание.
115,79,Быстрое выхватывание (стрелы),Fast-Draw (arrows),,,,,,"позволяет мгновенно достать стрелу, дротик или болт. уменьшает время для подготовки лука, арбалета или духовой трубки, на одну секунду."
116,79,Быстрое выхватывание/ТУ (боеприпасы),Fast-Draw (ammunition),,,,,,"уменьшает время на перезарядку любого вида огнестрельного или лучевого оружия. Реальная выгода зависит от типа вашего оружия, но успешный бросок ускорит перезарядку не менее, чем на секунду. умение очень различается на разных ТУ: на ТУ4 это порох и пуля, на ТУ6+ - умение быстрого выхватывания магазинов или обойм; а на более высоких – даже энергоячеек или силовых кабелей."
117,99,Физическая,Physical,,,"Геология (тот же тип планет)-4, Метеорология (тот же тип планет)-4",,,"наука о физических свойствах поверхности планеты. Такой географ способен ответить на вопрос о климате, ландшафте и т.д. Необходима дополнительная специализация по типу планет (c.180)."
118,99,Политическая,Political,,,,,,"наука о политических регионах – границах, промышленности, ресурсах. Политический географ ответит на вопросы о обычаях, перенаселении, экономическом взаимодействии, транспортных путях и пр. "
119,99,Региональная,Regional,,,соответствующее Знание области-6.,,,"объединяет физическую и политическую географию, но изучает лишь один регион: США, Нью-Йорк, планету Земля. Глубина знаний уменьшается с увеличением размера региона (см. Знание местности, c.176)."
120,102,Хореография,Choreography,,,,Танцы,,способность инструктировать и вести группу танцоров. По умолчанию: Танцы-2.
121,102,Дирижирование,Conducting,,,Музыкальный инструмент-2 или Пение-2.,два любых умения музыкальных инструментов или один инструмент и Пение.,,"способность управлять группой музыкантов. Хор, симфонический оркестр – все это разные знакомства (с.169)."
122,102,Режиссирование,Directing,,,Выступление-5.,Выступление,,"способность управлять группой актеров (фильм, опера, телевидение, театр – все разные знакомства)."
123,102,Боевая хореография,Figth Choreography,,,Сценический бой-2.,Сценический бой,,"подобно хореографии, но используется не для танцев, а для Сценических боев (c.222). "
124,103,Лучевое,Beam,,,,,,"любой тип оружия, ведущее прямой прицельный огонь энергией (лазеры, бластеры и т.д.)."
125,103,Орудия,Cannon,,,,,,Любой вид тяжелого снарядного оружия – орудие танка или электромагнитное орудие космического корабля – стреляющее одиночными выстрелами.
126,103,Катапульта,Catapult,,,,,,любой вид крупной механической метательной машины (баллисты).
127,103,Пулеметы,Machine Gun,,,,,,"любой вид тяжелого снарядного оружия, способного к стрельбе очередями."
128,103,Ракетные установки,Rockets,,,,,,"любые пусковые установки, закрепленные на транспорте или опоре. "
129,103,свой,self,,,,,,-
130,104,Гранатомет,"Grenade Launcher, GL",,,,,,"крупнокалиберное оружие, стреляющее разрывными снарядами. Включает в себя подствольные гранатометы, ракетницы и их ультратехнологичные аналоги."
131,104,Гиро,Gyroc,,,,,,"любой тип небольшого оружия, стреляющего маленькими ракетами."
132,104,Легкое бронебойное оружие ,"Light anti-armor weapon, LAW",,,,,,все виды ракетных пусковых установок и безоткатных винтовок. 
133,104,Легкие пулеметы,Light Machine Gun,,,,,,"любые пулеметы, стрельба из которых ведется от бедра или с сошки."
134,104,Мушкет,Musket,,,,,,"длинноствольное ненарезное оружие, стреляющее пулями (обычно, но не всегда – на дымном порохе)"
135,104,Пистолет,Pistol,,,,,,"все виды небольших огнестрельных видов оружия (пистолеты, револьверы) – включая автоматические, но не стреляющие очередями."
136,104,Винтовки,(Rifle,,,,,,"нарезное длинноствольное оружие – охотничьи, снайперские, штурмовые винтовки, стреляющие пулями."
137,104,Ружья,Shotgun,,,,,,"гладкоствольное длинноствольное оружие, стреляющее дробью и подобными боеприпасами."
138,104,"Пистолеты-пулеметы, ПП",SMG,,,,,,"полностью автоматические виды оружия небольшого размера, использующие боеприпасы малого калибра."
139,104,свой,self,,,,,,-
140,108,Конспирация,conspiracy,,,,,,"вы знаете подробности, скрываемые о различных аспектах общества. Это – фактические знания (к примеру, правда об Иллюминати), и не включают способности анализировать. Доступно только в сеттингах, где такие системы существуют."
141,108,Демоны,Demons,,,,,,"вы познали секреты Ада, цели демонов в мире смертных, и возможно, даже имена некоторых демонов."
142,108,Фэйри,Fairey,,,,,,вы узнали о фэйри и их тайных королевствах.
143,108,Духи,perfume,,,,,,"вы знаете о духах и других духовных сущностях – цели, имена и пр."
144,108,свой,self,,,,,,-
145,116,Лучи,Beams,,,,,,"любой энергетический удар, струя и пр., излучаемая из рук. Вам необходимо иметь хотя бы одну свободную (не обязательно пустую) руку."
146,116,Дыхание,Breath,,,,,,"любая атака, происходящая из вашего рта – типа плевка или огненного дыхания. Вы должны стоять лицом к цели и рот ваш не должен быть заткнут."
147,116,Взгляд,Gaze,,,,,,"атаки, исходящие из глаз – обжигающий взор, взгляд василиска и пр. Вы должны видеть жертву своими глазами. "
148,116,Снаряд,Projectile,,,,,,"любой снаряд или псевдоматериальный сгусток энергии (например, заклинание Огненного шара), пускаемый из рук. Также необходимо иметь хотя бы одну свободную (необязательно пустую) руку."
149,136,Огнемёт,Flamethrower,,,,,,"оружие, выпускающее горящую жидкость или газ. Это не включает плазменное оружие, часто называемое воспламенителями (flamers)."
150,136,Распылитель,Sprayer,,,,,,"выпускает газ или спрей (сонный, нервнопаралитический и т.д.), включая обычные спреи, используемые в качестве оружия."
151,136,Брызгомет,Squirt Gun,,,,,,стреляет жидкостью или газом под небольшим давлением (скорость стрельбы – одна струя на каждое нажатие).
152,136,Водомет,Water Cannon,,,,,,"оружие, испускающее постоянную струю жидкости под высоким давлением (обычно, но не обязательно вода), вызывающую отбрасывание."
153,143,Прикладная,Applied,,,"Инженерия (любая)-5, Физика-5",,,"область математики, непосредственно взаимодействующая с физическими и инженерными задачами, математическими моделями поведения подобных систем. "
154,143,Компьютерная,Computer Science,,,Программирование-5,,,теоретические сведения о структуре наборов данных. Не дает умения использования компьютеров.
155,143,Криптология,Cryptology,,,Криптография-5,,,"математическая наука о кодах и шифрах. Криптолог знает теорию шифровальных схем, как 
они развивались исторически и понимает, почему одни схемы эффективнее других. Для взлома или создания шифров используется умение Криптография (с.186)."
156,143,Чистая,Pure,,,,,,"общая наука о числах и величинах. Используется для любого броска, который не относится к другим специализациям. Имеет дюжины подтипов, но разница между ними вряд ли повлияет на игру. Однако, вы можете выбрать еще и дополнительную необязательную специализацию (с.169)."
157,143,Статистика,Statistics,,,,,,"наука анализа и сбора данных для вычисления возможностей, моделирования и прогнозирования. Делайте бросок для определения шансов определенного исхода, при наличии достаточного количества данных о подобных событиях в прошедшем времени."
158,143,Геодезия,Surveying,,,"Картография-3, Навигация-4.",,,"специализированная ветвь математики, которая учит определять площадь участка земной поверхности, определять ее границы и контур, а также аккуратно наносить все это на бумагу."
159,144,Тип механизма,Machine Type,,,,,,"один любой класс нетранспортного механизма. Типы включают микромашины (невидимые невооруженным глазом, ТУ 9+), наномеханизмы (ТУ 10+) и робототехнику (роботы и автоматические линии, ТУ 7+)."
160,144,Тип движителя,Motive System,,,,,,"один любой тип движителя, независимо от вида транспорта. Типы включают Ноги, Гусеницы, Колеса, Ракетный двигатель, Reactionless Thrusters."
161,144,Тип Энергоснабжения,Energy Management,,,,,,"один любой тип энергоустройства, независимо от того, что он питает. Типы включают Заводной, Паровой, Бензиновый, Дизельный, 
Газотурбинный, Ядерный, Антиматерийный, Аккумуляторный, и др."
162,144,Тип транспорта,vehicle type,,,,,,"управление, корпус, движитель, энергия, трансмиссия и даже дизайн одного типа транспорта, попадающего под транспортные умения – типа Вождения (с.188), Пилотирования (с.214) или Подводных лодок (с.223)."
163,146,Дага,Main-Gauche,1,1,"Дзитте/Сай -4, Нож-4",,,"любое оружие, обычно подходящее под умение Нож или Дзитте/Сай, используемое левой рукой. С этим умением вы игнорируете штраф за использование левой руки при парировании ею (но не на атаку, она все равно идет с -4), и -1 за парирование ножом. Использование ножа основным оружием – умение Нож."
164,146,Рапира,Rapier,1,1,Палаш-4,,,любой длинный (длиннее 1 ярда) лёгкий колющий меч
165,146,Сабля,Saber,1,1,Палаш-4 или Короткий меч-4,,,"любой легкий режуще-колющий клинок. Заметьте, что кавалерийские сабли довольно тяжелы, и используют умение Палаш."
166,146,Малый меч,Smallsword,1,1,Короткий меч-4,,,"любой короткий (до 1 ярда) легкий колющий меч или одноручный короткий посох (подобный палкам, используемым в боевых искусствах Амис, Эскрима, Кали)."
167,146,Цеп,Flail,1,2,Топор/Булава -4,,,любой одноручный цеп – типа Утренней звезды или нунчаку.
168,146,Двуручный цеп,Two-Handed Flail,1,2,"Кусари-4, Двуручный топор/булава-4",,,любой двуручный цеп. 
169,146,Топор/булава,Axe/Mace,1,1,цеп-4,,,"короткие или средней длины одноручные виды рубящего оружия (топоры, топорики, дубины, кирки)."
170,146,Двуручный топор/булава,TwoHanded Axe/Mace,1,1,"Древковое-4, Двуручный цеп-4",,,"длинные двуручные виды рубящего оружия – бита, кувалда, боевой молот."
171,146,Древковое оружие,Polearm,1,1,"посох-4, копье-4, двуручный топор/булава-4",,,"любое очень длинное (не менее 2 ярдов) несбалансированное оружие с тяжелой ударной частью – глефа, алебарда, секира и множество других. Эти виды оружия становятся неготовыми после атаки, но не после парирования. "
172,146,Копье,Spear,1,1,"Алебарда-4, посох-2",,,"любое длинное сбалансированное оружие с колющим наконечником – копья, дротики, трезубцы, штыки."
173,146,Посох,Staff,1,1,"Копье-2, Древковое оружие-4",,,"длинное сбалансированное древко без бьющего наконечника. Это умение делает успешным использование дополнительной поверхности посоха для парирования, так что дает вам +2 на бросок парирования посохом."
174,146,Палаш,Broadsword,1,1,"силовой меч-4, Рапира-4, Сабля-4, Короткий меч-2, Двуручный меч-4",,,"любой сбалансированный клинок длиной 2-4 фута, удерживаемый в одной руке: средний меч, кавалерийская сабля, скимитар и пр. Также используется для применения сбалансированных дубин и палок подобного размера, и кроме того, для катан, полуторных мечей и длинных мечей во время использования одной рукой."
175,146,Силовой меч,Force Sword,1,1,любое умение меча -3,,,"любой меч с клинком из энергии, а не материи. Это обычно ультра-технологичное оружие, проецирующее энергию из рукояти, но также применимо к подобным эффектам магии или псионики."
176,146,Дзитте/Сай,Jitte/Sai,1,1,"силовой меч-4, дага-4, короткий меч-3",,,"любой одноручный меч, имеющий зубцы для захвата вражеского оружия. Эти виды оружия созданы для обезоруживания, так что имеют премию +2 к состязанию для обезоруживания врага (с.401). Кроме того, если вы пытаетесь обезоружить врага на следующий ход после того, как успешно парировали его оружие, вы можете не бросать атаку по его оружию – переходите сразу к состязанию. Это действие считается за атаку."
177,146,Нож,Knife,1,1,"Силовой меч-3, Дага-3, Короткий меч-3",,,"любой клинок с лезвием длиной менее 1 фута – от карманного до тесака. Нож имеет очень небольшую парирующую поверхность,так что парирование ножом идет с -1."
178,146,Короткий меч,Shortsword,1,1,"Силовой меч-4, Палаш-2, Нож-4, Дзитте/ Сай -3, Сабля-4, Малый меч-4, Тонфа-3",,,"любой клинок с длиной лезвия 1-2 фута, и дубинки подходящего размера (например, полицейская дубинка)."
179,146,Двуручный меч,Two-Handed Sword,1,1,"Силовой меч-4, Палаш-4",,,"любое сбалансированное оружие свыше 4 футов длиной: двуручники, великие мечи. Также используется при двуручном хвате катан, длинных и полуторных мечей, а также посохов."
180,146,Силовой кнут,Force Whip,1,1,,,,"любой кнут, сделанный не из материи, а из чистой энергии. Обычно это – ультратехнологические устройства, но возможны и магические и пси-аналоги. Большинство силовых кнутов ранят цель, а не запутывают ее."
181,146,Кусари,Kusari,1,2,Двуручный цеп-4,,,использование цепи с грузилом двумя руками.
182,146,Мономолекулярный кнут,Monowire Whip,1,2,,,,"кнут, сделанный из отрезка мономолекулярной нити с грузилом, присоединенной к рукоятке. "
183,146,Кнут,Whip,1,1,,,,любой обычный кнут
184,146,Тонфа,Tonfa,1,1,Короткий меч-3,,,"дубинка с дополнительной рукояткой сбоку, ближе к одному из концов. Ее можно использовать как дубинку, но вы также можете использовать ее как дополнительную защиту рук, держа за рукоятку и расположив длинное плечо вдоль предплечья. Это позволит вам наносить более сильные удары (прм+1 тупого вреда) и парировать атаки при бое вплотную без штрафов. Для изменения хвата сделайте бросок умения – при успехе смена хвата происходит свободным действием, иначе – занимает полный ход."
185,146,свой,self,,,,,,-
186,151,Животные,Animals,,,Натуралист-6.,,,"позволяет имитировать рев, вой, кваканье и прочие звуки, издаваемые животными. Вы можете подражать только животным, которые издают некоторые отличительные звуки. Для привлечения особей того вида, который вы имитируете (и, возможно, хищников, которые на таких животных охотятся) – сделайте бросок умения. Чтобы обмануть других людей, необходимо выиграть в состязании Подражания против Натуралиста-3 или Восприятия-6."
187,151,Птицы,Bird Calls,,,Натуралист-6,,,"позволяет воспроизводить свист, чириканье и другие звуки, издаваемые птицами. Работает также, как и подражание животным звукам."
188,151,Речь,Speech,,,Артистизм-6 или Лингвистика-4,,,"имитация голоса. Не дает знания другого языка, но вы, по крайней мере, можете воспроизвести слова. Бросок имитации конкретного человека делается с -3. Если вы пытаетесь надуть человека, близко знакомого с имитируемым, требуется выиграть состязание по ИН."
189,158,Морская,Naval,,,"Астрономия-5, Моряк-5",,,"навигация по течениям и звездам. Модификаторы: +3, если у вас есть Чувство направления (с.34) или глобальная навигационная система; -5 (и без использования по умолчанию от Астрономии), если нет хороших приборов, на улице плохая погода, а звезд не видно."
190,158,Воздушная,Air,,,Астрономия-5,,,навигация по звездам и ландшафту внизу. Модификаторы: как для Морской навигации.
191,158,Наземная,Land,,,"ИН-5, картография-4, математика (геодезия)-4.",,,"навигация по звездам и ориентирам (также называется Ориентирование). Модификаторы: +3, если у вас есть Чувство направления или его технологическая замена."
192,158,Космическая,Space,,,Астрономия-4 или Математика (прикладная)-4,,,"навигация в обычном межпланетном и межзвездном пространстве, обычно при скоростях ниже световой. Модификаторы: +3 за Чувство пространства (с.34). "
193,158,Гиперпространство,"Hyperspace, Astrogation",,,"Астрономия-4, математика (прикладная)-4",,,"также называется «Астронавигация». Похожа на космическую, но используется при путешествиях в гиперпространстве или во время гипер-прыжков. В мирах с наличием нескольких видов сверхсветовых двигателей, возможно потребуется специализация еще и по типу двигателя. Модификаторы: как для Космической навигации."
194,163,Микропалеонтология,Micropaleonthology,,,,,,"изучает ископаемые, которые не видно невооружённым глазом. Это умение нельзя использовать вне лаборатории. "
195,163,Палеоантропология,Paleoanthropology,,,Антропология-2.,,,"изучает человеческие останки и древние инструменты, а также отношения внутри примитивных племен и места их расселения."
196,163,Палеоботаника,Paleobotany,,,,,,изучает окаменелые древние растения
197,163,Палеозоология,Paleozoology,,,,,,"изучает доисторических животных, исследуя раскопанные останки костей, еды, фекалий, следы и т.д."
198,168,Травы,Herbal,,,"Биология-5, Знание трав-5, Натуралист-5",Натуралист,,"способность создавать и использовать травяные препараты. Для поиска трав на природе делается бросок Натуралиста. До ТУ 5 это единственная специализация. Она заменяет Врачебное дело и часто используется в союзе с Нетрадиционной медициной (с.192). С ТУ 5 и выше специализация эта также доступна, но встречается намного реже."
199,168,Синтетическая,Synthetic,,,"Химия-5, Врачебное дело-5",,,пособность создавать лекарства в лаборатории. Доступно только на ТУ 5+
200,175,Аэрокосмический аппарат ,Aerospace,,,"Сверхзвуковой самолет -2, любой другой вид пилотирования -4.",,,"любой летательный аппарат, способный на полет в космос и из него через атмосферу. "
201,175,Автожир,Autogyro,,,"Геликоптер -3, любой Самолет -4, любой другой вид пилотирования -5.",,,"роторные аппараты, использующие роторы для взлета и посадки, но не для тяги. "
202,175,Антигравы,Contragravity,,,"Вертол -3, любой другой вид пилотирования -5",,,"любой вид техники, использующий технологическую или иную левитацию. "
203,175,Ранцы,Flight Pack,,,"Вертол -4, любой другой вид пилотирования -5",,,"любой переносной, портативный аппарат."
204,175,Планер,Glider,,,"Легкие самолеты -2, Сверхлегкие самолеты -2, любой другой вид пилотирования -4",,,любой тип крылатого аппарата без собственного двигателя.
205,175,Тяжелый самолет,Heavy Airplane,,,"Сверхзвуковой самолет -2, Легкий самолет -2, любой другой вид пилотирования -4.",,,любой крылатый аппарат весом более 10 тонн и способный на крейсерскую скорость 600 миль в час и ниже.
206,175,Вертолет,Helicopter,,,"Автожир -2, Вертол -4, любой другой вид пилотирования -5",,,"любой аппарат, использующий роторы для взлета, посадки и тяги."
207,175,Сверхзвуковой самолет,Highperfomance Airplane,,,"Аэрокосмический аппарат -2, Тяжелый самолет -2, Легкий самолет -2, любой другой вид пилотирования -4",,,"любой крылатый аппарат, способный на скорость свыше 600 миль в час."
208,175,Скоростной космолет,HighPerfomance Spacecraft,,,"Аэрокосмический аппарат -4, Космолет -2",,,"космический корабль, способный на ускорение свыше 0,1G."
209,175,Легкий самолет,Light Airplane,,,"Планер -2, Тяжелый самолет -2, Сверхзвуковой самолет -2, Сверхлегкий самолет -2, любой другой вид пилотирования -4",,,"любой крылатый аппарат, весом менее 10 тонн и летающий со скоростью до 600 миль в час."
210,175,Воздухоплавание,Lighter-ThanAir,,,любой другой вид пилотирования -5,,,"любой тип воздухоплавательного аппарата – дирижабли, воздушные шары."
211,175,Световой парус,Lightsail,,,Космолет -4,,,"любой космолет, использующий световые паруса, независимо от тяги."
212,175,Низкогравитационные крылья,Low-G Wings,,,Планер -4,,,"пристегивающиеся крылья, использующие мускульную силу владельца. Используются в условиях низкой гравитации с имеющейся атмосферой. Для длительного полета используется умение Полет (с.195)."
213,175,Космолет,Low-Performance Spacecraft,,,"Аэрокосмический аппарат -4, Скоростной космолет -2",,,"любой космический корабль с ускорением менее 0,1 G."
214,175,Сверхлегкий самолет,Ultralight,,,"Планер -2, Легкий самолет -2, другой самолет -4, любой другой вид пилотирования -5",,,"любой крылатый аппарат весом до 0,5 тонны и скоростью 200 и менее миль в час."
215,175,Вертол,Vertol,,,"Антигравы -3, Геликоптер -4, любой другой вид пилотирования -5",,,"летательный аппарат, использующий грубую силу тяги, а не крылья или роторы."
216,194,Додзё,Dojo,,,,,,"это умение подскажет вам, как себя правильно вести на тренировке, турнире по определенным боевым искусствам и т.д. Как приветствовать старших, носить оружие, принимать и бросать вызов и пр. Провал такого броска может означать что угодно, от простого штрафа к реакции до кровавой расправы. Для соревновательных боевых искусств (и только для них) это умение также имеет значение по умолчанию к любому подходящему умению Игры -3."
217,194,Высшее общество,High Society,,,,,,"манеры благородных людей. Относительное положение определяется статусом. Бросок умения необходим всякий раз, когда вы пытаетесь имитировать кого-то, кто на три уровня статуса выше вас. Если ваш статус отрицателен, а вы пытаетесь выдать свой статус за +1, или наоборот – бросок делается с -2."
218,194,Мафия,Mafia,,,Знание улиц-3,,,"правильное поведение в формальной криминальной организации. Включает такие вопросы как кодекс молчания и выказывания положенного уважения соответствующим людям. Эти обычаи часто берутся из высшего общества, но неприятности за несоблюдения – намного более серьёзны."
219,194,Армейский этикет,Military,,,,,,"это умение для солдата включает в себя знания обычаев, традиций и положений его родной службы. 
Также умение включает в себя знание неписаных правил: что разрешено, не будучи обозначено, и что запрещено, даже если об этом нигде ничего не написано. Относительное положение определяется Военным рангом."
220,194,Полиция,Police,,,,,,"почти как Армейский этикет, но относится к гражданской полиции. Знание социальных обычаев для офицеров полиции. Юридическая сторона относится к Праву. Относительное положение определяется полицейским Рангом."
221,194,Прислуга,Servant,,,,,,"это умение обслуживать представителей правящего класса. Некоторые процедуры делаются особенным образом (вилка для салата кладется с самого края, герцогов объявляют прежде, чем лордов и т.д.). Человек, обладающий умением Хорошие манеры, чуть-чуть знаком с обязанностями слуги, но большинство людей, принадлежащих к высшему классу, обычно не знают в точности, что делает слуга - они просто замечают когда что-то идет не так. "
222,201,Щит,Shield,,,,,,"любой вид щитов, который прикрепляется к предплечью. Преимущество этого вида – вы можете держать что-либо в этой руке, недостаток – медленно одевается или снимается. Это наиболее обычная специализация, ее можно записать на листе персонажа просто как «Щит»."
223,201,Баклер,Buckler,,,,,,"любой вид щита, обычно небольшой, который владелец удерживает в руке. Баклер полностью занимает одну руку, но вы можете одеть его за один ход, а выбросить его – свободное действие."
224,201,Силовой щит,Force Shield,,,,,,"способность использовать силовой щит, высокотехнологичное устройство, которое вешается на запястье и проецирует круг силового поля."
225,202,Воздушный корабль,Airship,,,"Летчик-5, Пилот (Воздухоплаватель)-5","Лидерство, Летчик, Навигация (воздушная)",,дирижабли и подобные крупные воздухоплавательные аппараты.
226,202,Корабль,Ship,,,"Моряк-5, Малые корабли (крупные моторные) или (парусные) -5","Лидерство, Морская навигация, Моряк",,надводные суда – от буксира до авианосца.
227,202,Космолет,Spaceship,,,"Космонавт-5, пилотирование (любой космолет)-5.","Лидерство, навигация (космическая), Космонавт.",,космический корабль со скоростью ниже световой.
228,202,Звездолет,Starship,,,"Космонавт -5, Пилотирование (любой космолет)-5.","Лидерство, навигация (гиперкосмос), Космонавт. ",,космический корабль со скоростью выше световой.
229,202,Подводная лодка,Submarine,,,"Подводник-5, Подводная лодка (крупная)-5","Лидерство, Подводник, Навигация (морская).",,любые виды крупных подводных аппаратов.
230,208,Медь,Copper,,,Ювелир-4,,,включает собственно медь и ее сплавы – бронзу.
231,208,Железо,Iron,,,,,,также включает сплавы и сталь
232,208,Олово и свинец,Lead and Tin,,,Ювелир-4,,,"мягкие, «белые» металлы."
233,219,Открытый аппарат,Freeflooding Sub,,,"Крупные корабли-5, Малые корабли -4.",умение работы с подводным снаряжением (водолазный скафандр или акваланг).,,"юбой открытый небольшой подводный аппарат. Экипаж находится в воде, и должен одевать снаряжение для подводного дыхания."
234,219,Крупные корабли,Large Sub,,,открытый аппарат -5 или Малые корабли -4,,,"любые подводные лодки долгосрочного плавания, включая боевые и ракетные."
235,219,Малые корабли,Mini-sub,,,открытый аппарат -5 или крупные корабли -4.,,,"любые небольшие аппараты для краткосрочного погружения, обычно научные. "
236,232,Топор/булава,Axe/Mace,,,,,,"любой топор или булава, сбалансированные для метания (но не боевая секира!)"
237,232,Дротик,Dart,,,метание-2,,,"любой небольшой оперенный дротик. Игры (дартс) по умолчанию имеет это умение, без штрафов."
238,232,Гарпун,Harpoon,,,Метание оружия (Копье)-2,,,любое привязанное копье.
239,232,Нож ,Knife,,,,,,любые виды ножей.
240,232,Сюрикен,Shuriken,,,метание-2.,,,"любой вид клинков без рукоятки, чаще – метательные звезды."
241,232,Копье,Spear,,,"копьеметалка-4, Метание оружия (гарпун)-2",,,любое копье или дротик.
242,232,Палка,Stick,,,,,,"любая сбалансированная метательная палка, подобная бумерангу. Она не возвращается к метнувшему."
